F20_1,F20_2,F20_3,F8_1,F8_2,F8_3,CM_1,CM_2,CM_3,Gene names,Localisation
0,0,0,29.42590332,28.55270386,28.51743317,27.98652649,28.09068298,28.35144424,SEPT2,IC
0,0,0,30.03117943,29.0905571,29.88199234,27.38121223,27.88448524,26.90816116,SEPT7,IC
0,0,0,30.99833107,29.19208908,29.40602493,26.92795753,26.60611343,26.14417648,SEPT9,IC
0,0,0,29.89722252,29.65845108,29.14175224,28.62317276,28.07816315,28.30055428,SEPT11,IC
0,0,0,24.71350479,24.8517189,25.38590813,0,0,0,AAMDC,IC
0,0,0,29.95892143,29.72778702,29.36365128,0,0,0,ABCA1,IC/M
0,0,0,26.52342796,25.83296585,25.51586914,0,0,0,ABCB1,IC/M
0,0,0,29.44472313,28.86626244,29.104496,0,0,0,ABCC1,M
0,0,0,30.91627121,30.0905571,30.38195419,0,0,0,ABCC4,M
0,0,0,30.89214897,29.58811951,29.88409233,0,0,0,ABI1,IC
0,0,0,27.74477196,26.39687347,25.8554306,0,0,0,ABI2,IC
0,0,0,25.35605431,24.79971123,25.08581924,0,0,0,ABLIM3,IC
0,0,0,24.71685791,25.44711113,25.68605614,25.26130295,25.37891579,25.60746956,ABRACL,IC
0,0,0,27.78556442,26.34805298,27.27230835,26.00994301,0,26.95193672,ACAT2,IC
0,0,0,27.30059814,26.95349312,27.89081764,0,0,0,ACE,IC/M/S
0,0,0,29.86911964,28.82575035,28.60048866,26.53024673,0,0,ACO1,IC
0,0,0,32.15351868,29.47260666,30.9264164,0,0,0,ACSL4,IC/M
0,0,0,29.05860901,27.95043564,28.43948174,0,0,0,ACVR1,IC/M/S
27.2624855,24.99709702,28.65597916,32.54047012,31.5559063,32.48190689,0,0,0,ADAM10,M/S
0,0,0,29.83552551,28.59999275,29.22621155,0,0,0,ADAM17,M/S
0,0,0,0,0,0,27.32414436,25.70948792,27.67593193,ADAM19,M
29.07206535,0,0,0,0,0,28.51938438,27.36527824,27.82353401,ADAM9,M/S
0,0,0,25.64314651,25.2313633,25.83910751,0,0,0,ADCY9,IC/M
0,0,0,27.03663826,25.8207016,26.0793438,0,0,0,ADGRL2;LPHN2,M
0,0,0,29.56450844,29.16432571,29.25218964,0,0,0,ADH5,IC
0,0,0,28.62111282,28.19168854,27.87290955,0,0,0,ADSS,IC
28.15088272,0,28.924366,31.34826088,30.60919952,30.94935226,28.76581764,26.67411423,28.51746941,AGRN,IC/M/S
0,0,0,27.129179,27.03967476,26.73814964,0,0,0,AHCYL1;AHCYL2,IC
0,0,0,26.02341652,25.38347244,25.67403221,0,0,0,AHSA1,IC
0,0,0,29.47579956,28.65181351,29.26934624,0,0,0,AIDA,IC
0,0,0,29.58843994,28.61449242,29.24065781,0,0,0,AK1,IC
25.96269989,0,0,31.80689621,30.97896576,32.0610466,0,0,0,AKAP12,IC
29.18671608,28.25403786,28.42558479,31.64207458,31.46674728,31.28675461,29.79307365,29.61696625,28.38001442,AKR1B1,IC
0,0,0,26.63325691,25.84208488,26.26545715,0,0,0,AKR7A2,IC
0,0,0,28.15455627,26.56949806,27.29061508,0,0,0,AKT1,IC
0,0,0,27.07469749,24.43898201,25.27202415,0,0,0,AKT2,IC
0,0,0,26.73737717,25.01580238,24.87652016,0,0,0,AKT3,IC
26.90563965,28.76758766,0,31.82274437,30.94614792,32.073452,0,0,0,ALCAM,M
0,0,0,25.21382332,25.83581161,26.35600281,0,0,0,AMPD3,IC
0,0,0,0,0,0,27.05723953,27.08527184,27.11743546,ANGPTL3,S
0,0,0,26.86620331,28.09350586,26.80328941,27.50392723,27.68839264,28.30199432,ANGPTL4,IC/S
0,0,0,30.14102173,29.34921074,29.33325958,0,0,0,ANO6,M
26.1410408,26.9617939,27.39582825,33.56581116,33.69093704,33.55144501,0,0,24.66106606,ANPEP,M
0,0,0,0,0,0,27.0131855,26.49503136,27.56434631,ANTXR1,IC/M/S
0,0,0,30.44342041,30.02815247,29.85984993,0,0,0,ANTXR2,M
25.94799805,0,0,32.66481781,32.26673508,31.77210999,0,0,0,ANXA11,IC
0,0,0,27.02252769,26.98272324,26.56510162,0,0,0,ANXA3,IC
26.71803474,27.39001656,26.79203415,32.1308403,31.50355721,31.42962074,0,0,0,ANXA4,IC
31.57483864,32.50854874,32.07950592,35.7953186,35.57649612,35.2920723,28.18645477,27.14870262,28.00362015,ANXA6,IC
0,0,0,30.71800232,29.62611771,29.35270691,0,0,0,ANXA7,IC
25.6823349,23.9185257,24.87121773,0,0,0,0,0,0,AOC3;AOC2,IC/S
0,0,0,24.04193115,24.44278336,23.89827538,0,0,0,AP3M1;AP3M2,IC
0,0,0,0,0,0,25.5146656,28.17797661,25.72262764,APOB,S
28.00345993,28.1160965,28.80651855,28.82377815,28.29162598,28.9225235,30.0519352,29.49325752,29.12526703,APOM,IC/S
0,0,0,0,0,0,26.78281784,26.11191559,26.0055809,APP,IC/M
0,0,0,26.66098595,25.62594795,25.04476929,0,0,0,APPL1,IC
0,0,0,27.37052727,25.0052166,25.4556942,0,0,0,APPL2,IC
0,0,0,27.61617661,26.56825066,26.92478943,0,0,0,ARAF,IC
0,0,0,26.26806641,26.56261444,26.27204132,0,0,0,ARCN1,IC/S
28.1438942,0,27.75193977,27.85655975,25.76473618,26.1261673,0,0,0,AREG,M
0,0,0,26.14553833,24.9539814,24.96925735,0,0,0,ARF6,IC
0,0,0,26.77240944,26.02060127,26.23547745,0,0,0,ARHGAP1,IC/M
0,0,0,25.0134201,24.57461739,24.54427528,0,0,0,ARHGAP17,IC
0,0,0,26.64746284,26.70754051,27.00013161,0,0,0,ARHGAP18,IC
0,0,0,26.47668839,25.76293945,26.63297844,0,0,0,ARHGEF7,IC
0,0,0,28.75824356,27.77196884,27.91107941,0,0,0,ARL3,IC
0,0,0,25.78256798,25.82330322,26.00926018,0,0,0,ARMT1,IC
0,0,0,29.66061211,29.03582573,28.57257271,28.06840515,0,28.27342033,ARPC1B,IC
0,0,0,29.1853447,29.04601288,29.20666885,0,0,0,ARPC5,IC
0,0,0,27.74072647,27.70133972,27.21141052,0,0,0,ARPC5L,IC
0,0,0,24.1997776,25.81306267,25.06706238,0,0,0,ARRB1,IC
0,0,0,27.27124023,26.68096924,27.49541283,0,0,0,ARVCF,IC
0,0,0,26.00358772,27.07244873,26.35464287,0,0,0,ASPH,IC/M
0,0,0,25.23501968,24.99980927,24.88129044,0,0,0,ASS1,IC
0,0,0,28.67330551,28.72136307,28.80790138,0,0,0,ATOX1,IC
0,0,0,24.67098427,24.00915337,23.8907814,0,0,0,ATP10D,M
0,0,0,25.94592476,24.84646797,25.62232018,0,0,0,ATP13A3,M
0,0,0,32.31257248,31.22659111,31.29219627,0,0,0,ATP1B1,IC/M
0,0,0,30.69942284,31.81688309,30.86908913,0,0,0,ATP1B3,IC/M
0,0,0,31.49199677,31.29996681,30.96842957,0,0,0,ATP2B1,M
0,0,0,26.9825058,27.15015602,27.3646946,0,0,0,ATP2B3,M
26.37522507,26.78144264,27.57390976,33.53970718,32.91295624,33.05783844,0,0,0,ATP2B4,IC/M
0,0,0,0,0,0,28.00287056,27.12119484,27.72005844,ATP6AP2,IC/M/S
0,0,0,27.37044334,27.8283844,27.31553268,0,0,0,ATP6V0D1,IC
0,0,0,26.80550385,26.33186722,26.16674042,0,0,0,ATP6V1C1,IC
0,0,0,25.4636364,26.32784843,25.36509514,0,0,0,ATP6V1D,IC
0,0,0,25.82096863,26.63768387,26.02762032,0,0,0,ATP6V1E1,IC
0,0,0,28.37388992,29.18203354,29.28226471,0,0,0,ATP6V1G1,IC
0,0,0,25.43752289,25.12471008,25.17922974,0,0,0,ATP6V1H,IC
0,0,0,27.08182335,27.67141724,26.96697235,0,0,0,ATP7A,M
0,0,0,27.22361374,26.30952454,26.53064919,0,0,0,ATRN,M
0,0,0,0,0,0,26.14645195,0,0,AXL,M
32.79416656,31.28184509,32.18612671,32.53066635,32.18391037,33.46489716,32.59432602,31.62640572,32.73509598,B2M,S/M
0,0,0,0,0,0,27.14141273,25.72912598,26.63339424,B3GAT3;B3GAT2,IC/S
0,0,0,0,29.14116859,28.07275581,27.96433067,27.23224068,27.00088501,B4GAT1,S
0,0,0,26.09705925,26.23167419,26.89654541,0,0,0,BAG3,IC/M
0,0,0,27.80630493,27.12839127,27.58949471,0,0,0,BAIAP2,IC
0,0,0,27.97235107,27.17321777,27.69331932,0,0,0,BAX,IC
0,0,0,25.85851669,25.617733,26.47247887,0,0,0,BCR;BCR/ABL fusion,IC
0,0,0,30.29712486,28.25272942,28.94167709,0,0,0,BDKRB2,M
25.9785614,0,0,26.12155151,24.79009628,25.33053398,26.90747452,0,26.73285675,BGN,S
0,0,0,0,0,0,0,0,0,BHMT,IC
0,0,0,24.08302116,24.26470566,25.15861702,0,0,0,BICD2,IC
0,0,0,25.64099693,25.75049591,25.6725769,0,0,0,BLVRA,IC
29.57454109,26.36113358,27.82140732,0,0,0,26.24256325,0,27.64999962,BMP1,S
0,27.68411636,0,26.28668976,28.61371994,26.57945824,27.07632828,0,27.51818275,BMP2,S
0,0,0,29.88273621,29.72377396,29.0411129,0,0,0,BPGM,IC
0,0,0,27.24036217,26.51181984,26.31888008,0,0,0,BPNT1,IC
0,0,0,24.12004852,24.78661156,24.5932045,0,0,0,BRCC3,IC
0,0,0,30.5945034,29.09383392,29.66889954,0,0,0,BRK1,IC
0,0,0,31.21991539,30.94872475,31.26164436,0,0,0,BTN2A1,IC/M
0,0,0,25.84174919,25.86235237,25.9367218,0,0,0,BZW1,IC
0,0,0,26.80131721,26.03323936,26.07036209,0,0,0,C12orf10,IC/S
0,0,0,26.76900673,26.30999374,26.65799141,0,0,0,C12orf57,IC
0,0,0,28.23954391,27.84212112,28.03406906,0,0,0,C12orf75;OCC1,IC
30.2532711,29.62041283,29.0965004,0,0,0,25.439394,26.88203621,25.82539177,C1QTNF3-AMACR;C1QTNF3,S
27.60752487,0,27.24581146,0,0,0,28.16944695,26.79253197,28.23283577,C1S,IC/S
0,0,0,0,0,0,27.9063282,26.41504669,27.97311783,C3,IC/S
0,0,0,0,0,0,26.64814758,26.37047768,26.08072662,C8B,IC/S
0,0,0,0,0,0,28.71118927,29.10704422,28.74033928,CA2,IC
0,0,0,27.97710991,27.56390953,28.16264534,27.60879517,27.74599075,28.20475769,CAB39,IC
25.59431458,30.05064011,0,32.54875946,31.72411537,32.08840942,0,0,0,CACNA2D1,IC/M/S
0,0,0,30.9201107,29.66643143,30.09609795,0,0,0,CADM1,IC/M
0,0,0,23.76678467,26.07253075,25.31586075,0,0,0,CALML5,IC
0,0,0,26.72364235,27.05289459,26.3960743,0,0,0,CAMK2D,IC/M/S
0,0,0,27.66830826,26.45423698,26.51659203,0,0,0,CAPG,IC
0,0,0,28.55427933,27.97109032,28.01472855,0,0,0,CAPN1,IC
0,0,0,30.00704765,29.36696815,29.7858448,0,0,0,CAPN5,IC
27.45630646,0,0,29.90712929,29.12383652,29.34068298,27.68565369,28.16925621,28.18044472,CAPNS1,IC
0,0,0,0,0,0,27.94246101,26.41057205,26.01122475,CARS,IC
0,0,0,29.9434948,28.91724014,29.37341309,0,0,0,CASK,IC/M
0,0,0,25.55241966,26.32431602,26.55847549,0,0,0,CASP3,IC
0,0,0,24.67922401,24.24901772,24.43459892,0,0,0,CASP7,IC
0,0,0,27.64546967,27.9971199,28.75034332,0,0,0,CAST,IC
0,0,0,0,0,0,25.68477249,0,26.0232048,CAT,IC
0,0,0,28.48604202,28.11485672,27.04270363,0,0,0,CAV1,M
0,0,0,30.38699913,29.84171677,28.80264282,0,0,0,CAV1,M
0,0,0,24.16890335,23.04268265,23.01911545,0,0,0,CCDC22,IC
0,0,0,27.76274872,28.36952782,29.27444267,0,0,0,CCDC50,IC
0,0,0,25.64661026,25.42726326,26.354105,0,0,0,CCDC6,IC
0,0,0,27.77007866,27.47250938,27.51254272,0,0,0,CCM2,IC
0,0,0,24.68244362,24.50093842,24.42636871,0,0,0,CCNYL1,IC
0,0,0,25.70669746,25.55461693,25.67373657,0,0,0,CCS,IC
0,0,0,27.58720589,25.49295616,25.82616806,0,0,0,CD109,M
0,0,0,32.84271622,31.22423553,32.0684967,0,0,0,CD151,M
0,0,0,0,0,0,26.4778614,0,26.67263031,CD248,M
0,0,0,31.55297852,30.2074604,31.00450516,0,0,0,CD276,M/S
0,0,0,25.60387993,25.75562286,26.23580551,0,0,0,CD4,IC/M/S
0,0,0,29.10669327,27.46684456,27.95798111,0,0,0,CD46,M
0,0,0,27.03841972,26.42980385,27.07704163,0,0,0,CD46,M
0,0,0,29.23518944,28.57657814,28.92951012,0,0,0,CD47,IC/M
0,0,0,27.37997437,26.54030418,26.67599869,0,0,0,CD63,M
31.06798363,31.34498596,31.28680992,31.78089523,30.69361877,31.4879303,0,0,0,CD81,M
0,0,0,29.17150116,27.83587265,27.78917694,0,0,0,CD82,IC/M
31.22331429,31.25101471,30.22848511,34.19718552,33.81716919,34.06903839,0,0,0,CD9,M
0,0,0,0,0,0,25.11743546,25.38991737,25.96152878,CD93,M
0,0,0,30.39417267,29.8102169,30.51342773,0,0,0,CD97,IC/M/S
27.02464294,0,0,31.52929497,29.8601017,30.64228821,0,0,0,CD99,M/S
0,0,0,27.37625313,27.04780769,27.75174713,0,0,0,CDC42SE1,IC
0,0,0,32.75051117,31.56292725,32.58317947,0,0,0,CDCP1,M/S
26.38858795,25.38363647,25.61352348,31.22060776,30.01863289,30.55727768,0,0,0,CDH11,IC/M/S
27.49594688,26.93954849,26.29360008,32.85636139,32.28934097,32.50930405,28.36611366,27.63512611,27.48508263,CDH13,IC/S
0,0,0,30.71399307,30.21616173,30.20186424,0,0,0,CDH2,IC/M
26.34989357,0,0,29.87188148,29.16295815,29.27770615,24.18245506,0,0,CDH6,M
0,0,0,27.16767883,27.16672134,27.08942032,0,0,0,CDK4,IC
0,0,0,24.16974449,24.10980606,25.04735184,0,0,0,CDKN1A,IC
0,0,0,26.48778343,27.12405777,27.6875248,0,0,0,CDV3,IC
0,0,0,0,0,0,29.004076,29.55449867,29.18713951,CFD,S
0,0,0,0,0,0,27.50400352,27.90701485,27.66790199,CFHR5,S
0,0,0,28.16720009,28.06522369,28.58906555,0,0,0,CHMP1A,IC
0,0,0,28.49868774,28.42438316,28.49094582,0,0,0,CHMP1B,IC
0,0,0,27.27070618,26.21669388,26.842062,0,0,0,CHMP2A,IC
0,0,0,24.93822479,26.09022903,25.52256012,0,0,0,CHMP2B,IC
0,0,0,27.83869934,26.38551331,27.16173363,0,0,0,CHMP3,IC
0,0,0,27.13926697,27.27230835,27.80888367,0,0,0,CHMP4A,IC
0,0,0,30.0622673,30.01185226,30.29252625,0,0,0,CHMP4B,IC
0,0,0,29.61094284,30.26013184,30.56092453,0,0,0,CHMP5,IC
0,0,0,27.42510414,26.84397888,26.94190025,0,0,0,CHMP6,IC
0,0,0,24.9405117,25.116642,25.13696098,0,0,0,CHORDC1,IC
0,0,0,27.80955887,25.89474297,26.31404495,0,0,0,CHRM2,M
0,0,0,0,0,0,25.76156998,0,25.80351067,CHST3,M
0,0,0,26.58505821,25.51107979,25.78024101,0,0,0,CLDND1,IC/M/S
29.00702095,0,0,0,0,0,29.49426842,28.82162094,30.27097321,CLEC11A,S
29.45871353,29.64782143,29.0508213,32.96285629,32.77381897,33.44529724,29.75474548,29.66548157,29.58033943,CLIC1,IC
29.20555115,0,29.92308998,32.55430603,32.5737114,33.02163315,30.1937809,28.89194679,29.62751007,CLIC4,IC
0,0,0,24.20202255,24.31153679,25.15641975,0,0,0,CLIP1,IC
0,0,0,26.68391609,26.89816093,27.14267731,0,0,0,CLIP2,IC
0,0,0,28.29228401,27.515028,28.00372696,0,0,0,CLMP,M
28.43912506,0,29.80713272,0,0,0,31.69818115,29.45564079,31.16008759,CLSTN1,M
0,0,0,28.37596321,27.80020523,30.03747749,0,25.72155952,0,CLTB,IC
30.43857002,0,27.02252769,28.71989441,26.19696808,27.98440742,28.79986572,26.94681549,28.37546539,CLU,IC/S
0,0,0,28.84682083,28.79560089,29.81228447,0,0,0,CMPK1,S
0,0,0,28.32242584,28.04567528,28.16461372,0,0,0,CNDP2,IC
0,0,0,24.49814034,24.30619049,24.3925724,0,0,0,CNNM4;CNNM3,M
0,0,0,23.56185722,25.87923431,24.66633224,0,0,0,CNPY2,IC/S
0,0,0,0,0,0,23.56523132,24.73241615,23.69019127,CNTN1,S
29.32588196,30.00731468,29.91242218,0,0,0,27.18754196,27.45630646,27.35917473,COL11A1,IC/S
30.84692574,29.06049156,30.49505043,30.03878593,30.55846405,30.05982018,30.87364388,29.77613258,31.32983208,COL12A1,IC/S
0,0,0,0,0,0,25.78121758,25.42940521,25.79785919,COL18A1,IC/S
33.0858345,31.38324356,32.7638855,31.91427612,30.57983589,31.5104599,32.49252319,31.53917694,32.41988754,COL1A1,IC/S
31.55339241,30.84767151,31.34371567,30.27063942,29.73175621,30.01211929,31.36567497,30.31613731,31.07291031,COL1A2,S
0,0,0,0,0,0,0,25.91538239,25.22982407,COL2A1,S
27.90563965,0,26.84385872,26.5041256,24.41131592,24.58634758,28.40303993,0,26.06278801,COL3A1,IC/S
28.05076981,0,27.67593193,27.66553307,27.54133797,28.20829773,27.69571114,26.09301376,28.27936745,COL4A1,IC/S
0,0,0,27.05920219,26.81213188,27.32216835,26.54555702,0,27.84116173,COL4A2,IC/S
30.57929611,30.44055176,30.73214531,25.66809273,26.49702835,0,28.7768383,28.55013847,29.19100571,COL5A1,IC/S
35.20241165,33.90786362,34.59273529,36.42498779,36.84256363,36.91081619,34.60000992,33.10022354,34.51506424,COL6A1,S
33.49845505,32.80058289,33.1574707,35.89041519,36.32151794,36.43498993,32.44312286,30.79374123,32.73234558,COL6A2,IC/S
0,0,0,27.93606949,28.20876312,28.02944183,0,0,0,COL6A3,IC/S
35.9172554,35.33654404,35.4801178,38.12333298,38.2876091,38.42369461,34.80034256,33.54201508,34.5092926,COL6A3,IC/S
0,0,0,0,0,0,28.24920654,27.2471714,27.80402756,COLEC10,S
0,0,0,26.97967339,26.60526657,26.46841431,0,0,0,COMT,IC/M
0,0,0,25.26395416,25.49591637,25.75641251,0,0,0,COPS3,IC
0,0,0,26.06163406,26.23396111,26.44480705,0,0,0,COPS4,IC
0,0,0,25.50845337,25.45249367,25.69429016,0,0,0,COPS5,IC
0,0,0,26.66938972,26.35826874,26.07714462,0,0,0,COPZ1,IC
0,0,0,27.03977966,26.81457901,26.10049057,0,0,0,CORO2B,IC
28.65921593,28.75611305,29.22701645,30.34170151,30.42542458,30.96884155,29.28425217,29.50241089,29.19481468,COTL1,IC
0,0,0,30.61587906,30.28482628,29.92152977,0,0,0,CPNE3,IC
0,0,0,0,0,0,29.70888901,29.23036385,28.89020729,CRIP2,IC
0,0,0,26.74637604,26.62324142,27.06136703,0,0,0,CRYZ,IC
0,0,0,26.45414162,25.82391167,26.25383949,0,0,0,CSDE1,IC
0,0,0,0,0,0,27.93971634,26.69498062,27.62303352,CSF2,S
0,0,0,25.90712929,25.50972176,25.8727684,0,0,0,CSNK1E,IC
28.02902222,25.42934036,26.30040741,33.65533447,30.87312889,31.40633965,25.54619026,0,24.60342789,CSPG4,M
29.16346169,29.67626762,28.06321907,0,27.69105721,0,32.18518066,29.12206078,30.99077797,CST1,S
32.90190887,32.14876938,32.03721619,26.57315826,30.51107407,27.77039337,32.14958572,29.29756355,31.18003082,CST3,S
32.00637817,30.55371284,32.05239105,0,30.51182747,27.08304214,31.71317482,29.59174347,31.08423424,CST4,S
27.76110077,28.09027863,27.00731468,26.90219307,27.26517105,27.01435661,0,0,0,CTGF,S
0,0,0,0,0,0,27.37782478,0,25.4056797,CTHRC1,IC/S
0,0,0,26.32123947,25.08950233,25.590065,0,0,0,CTNNA2,IC
0,0,0,0,0,0,29.3502636,28.42009163,29.19765282,CTSA,IC/S
32.99875259,32.58275604,32.67035675,29.74863243,30.91127968,29.76660919,31.81306458,31.22014618,31.9381752,CTSB,S
28.32126427,0,27.64986229,0,0,0,0,0,0,CTSC,IC/S
0,0,0,27.8434391,27.62686729,26.38717461,30.47063065,30.95885277,30.47430992,CTSD,IC/S
0,0,0,0,0,0,26.29284477,26.63588715,26.34985924,CTSL,S
26.82323074,26.64759827,26.95770454,0,0,0,0,0,0,CTSV,S
0,0,0,26.8175087,26.80069923,26.13341713,0,0,0,CUL1,IC
0,0,0,27.30973244,26.53195763,26.96664238,0,0,0,CUL3,IC
0,0,0,27.61561584,27.42630386,27.39312935,0,0,0,CUL5,IC
0,0,0,0,0,0,28.03317642,26.19021988,27.48922348,CXCL5,S
34.1413269,30.42251968,31.19460297,26.71253395,29.53680801,26.46916008,32.77093124,30.84176064,31.82990456,CXCL8,S
0,0,0,27.29552841,26.80402756,26.63062096,0,0,0,CYBRD1,M
0,0,0,31.29482651,29.87588501,29.99307442,0,0,0,CYFIP1,IC
0,0,0,26.69988441,24.85186195,24.87168884,0,0,0,CYFIP2,IC
0,0,0,25.22339249,24.37331772,25.30716324,0,0,0,DAB2,IC
0,0,0,0,0,0,28.3334713,28.06650734,28.35640717,DAG1,IC/M/S
0,0,0,29.04640388,29.36369324,30.01571274,0,0,0,DAP,IC
0,0,0,0,0,0,28.7590065,28.56554413,28.86201096,DBI,IC
0,0,0,29.18044472,27.38804626,28.11862373,0,0,0,DBNL,IC/S
0,0,0,28.40361023,27.42013168,28.1748848,0,0,0,DCBLD1,M
0,0,0,30.86606979,29.44468498,30.57018471,0,0,0,DCBLD2,IC/M
0,0,0,25.70361328,23.94637108,24.42720032,0,0,0,DCC,IC/M
0,0,0,26.27728462,26.37500954,26.70872498,0,0,0,DCTN3,IC
0,0,0,25.35464287,26.05208588,26.2551899,0,0,0,DCTN4,IC
0,0,0,28.00415611,27.78544044,28.44852829,0,0,0,DCUN1D3,IC
0,0,0,28.27444267,26.61175156,27.28806496,27.00528145,27.71214104,27.195261,DDAH1,IC
0,0,0,29.50805283,28.04515457,28.36823845,0,0,0,DDAH2,IC
0,0,0,28.80405807,27.65853691,28.07250023,0,0,0,DDR2,IC/M/S
0,0,0,24.92709923,23.99291229,25.41034698,0,0,0,DDX19A;DDX19B,IC
0,0,0,25.70416641,24.21977997,24.40697861,0,0,0,DIAPH1,IC
0,0,0,30.13626099,30.30323601,30.43440056,0,0,0,DIP2B,IC
0,0,0,26.94937897,26.55865097,26.3780899,0,0,0,DIP2C,IC/M
0,0,0,32.0267334,31.39739037,31.62470627,0,0,0,DKFZp566H1924;NPTN,IC/M
27.69378471,26.46939278,28.31648254,27.70411491,28.99687767,29.56030655,0,0,0,DKFZp686J1372,IC
28.31207275,0,0,0,0,0,30.32291985,29.32311249,30.3541584,DKK3,S
0,0,0,25.1354351,25.7624073,25.67866135,0,0,0,DLG5,IC
0,0,0,26.89573669,26.52596855,26.97967339,0,0,0,DLGAP4,IC
0,0,0,26.63311768,24.73546791,26.71174812,0,0,0,DLL4,M
0,0,0,26.32347298,27.43205261,26.78656197,0,0,0,DMBT1,S
0,0,0,27.27941132,25.77341652,26.71620369,0,0,0,DMD,IC
0,0,0,26.17852783,25.77331543,25.29305649,0,0,0,DNAJB1,IC
0,0,0,26.74342537,26.1749897,25.62070084,0,0,0,DNAJC13,M
0,0,0,27.59605217,25.82138252,26.43952179,0,0,0,DNAJC5,M
0,0,0,28.32294083,27.37997437,27.82644653,0,0,0,DNM2,IC
0,0,0,0,0,0,34.4400444,34.05439758,33.89563751,DOCK10,IC
0,0,0,24.5666256,24.02182961,24.31222916,0,0,0,DOCK11,IC
0,0,0,24.03858757,24.65883636,26.21063042,0,0,0,DOCK9,IC
0,0,0,27.33781624,27.27781677,27.38533211,0,0,0,DOS,M/S
0,0,0,27.78313065,27.38870239,27.60681915,0,0,0,DPP3,IC
0,0,0,32.48788452,32.1450386,32.22885895,0,0,0,DPP4,IC/M
0,0,0,31.17432594,28.57845116,28.01377106,27.53482437,27.17131042,26.17822456,DPYSL2,IC
0,0,0,28.53356171,27.14627647,26.97760201,27.69338608,27.24263573,0,DPYSL3,IC
0,0,0,26.42978668,26.91592979,27.10569572,0,0,0,DTNA;DTNB,IC/M
0,0,0,26.10259438,26.47852516,26.31330109,0,0,0,DUSP3,IC
0,0,0,25.82902718,26.00560379,26.65130043,0,0,0,DYNC1LI2,IC
0,0,0,31.08695602,29.70722771,29.85870934,0,0,0,ECE1,IC/M
33.24940491,31.96344185,33.16996002,28.45845985,29.95004654,28.31432152,32.29827499,30.68001366,32.49326324,ECM1,S
0,0,0,31.03091621,30.63356781,31.4449501,0,0,0,EDIL3,S
0,0,0,27.63927269,28.50407982,28.23054695,0,0,0,EEA1,IC
0,0,0,0,0,0,26.07361412,26.31039238,25.79718971,EFEMP1,IC/S
0,0,0,29.31127167,28.66671753,29.12664604,0,0,0,EFNB1,M
0,0,0,26.75951385,26.92569542,26.82905197,0,0,0,EFNB2,M
25.59536934,25.49390221,27.01435661,33.43452454,32.86503601,33.63774109,0,0,0,EGFR,IC/M/S
26.03808403,22.92925835,25.12075996,33.62309265,32.66828918,33.41147614,26.75837135,26.12831306,26.09287262,EHD1,IC
0,0,0,32.20853806,29.60510826,30.13369179,26.37805557,26.0464344,25.34793472,EHD2,IC
0,0,0,29.11805344,27.18942833,28.44813538,0,0,0,EHD3,IC
0,0,0,30.15013123,29.15298653,29.56432724,0,0,0,EHD4,IC
0,0,0,24.22633553,25.17668343,25.44950485,0,0,0,EIF2B3,IC
0,0,0,26.55218506,25.19027519,25.57787514,0,0,0,EIF5,IC
0,0,0,27.58541679,26.89017868,28.19901085,0,0,0,ELFN2,M
0,0,0,26.57276726,26.10781097,26.15555,0,0,0,ELMO2,IC
28.84846306,25.80931282,28.66648102,31.57646179,30.22181702,31.30986404,29.91897392,28.94622993,30.14430809,EMILIN1,IC/S
25.97460747,0,0,32.61585617,31.25169182,32.13307953,0,0,0,ENG,M
0,0,0,0,0,0,25.85647583,26.57457352,0,ENOPH1,IC
0,0,0,30.00048065,29.99307442,31.28664398,0,0,0,ENPP1,M
0,0,0,0,0,0,28.5697155,28.5135231,28.45430756,ENPP2,IC/M
0,0,0,26.55808067,26.85150528,27.81622696,0,0,0,ENSA,IC
0,0,0,26.85946465,26.84481621,27.04082489,0,0,0,EPB41L1,IC
0,0,0,27.1213932,26.08713531,25.95759392,0,0,0,EPB41L1,IC
0,0,0,31.28046227,30.19718361,30.66135979,0,0,0,EPB41L2,IC
0,0,0,26.59306145,26.44711113,26.57917023,0,0,0,EPB41L5,IC
0,27.64278793,28.32723045,32.65125656,32.78212738,33.34427261,0,0,0,EPHA2,M
0,0,0,28.63238907,27.51983261,27.88634682,0,0,0,EPHA4,IC/M/S
0,0,0,31.5130043,30.22089577,31.19530678,0,0,0,EPHB2,M/S
0,0,0,24.84665871,24.47784615,24.53284836,0,0,0,ERBB2,IC/M
0,0,0,27.48100662,27.63207817,26.02991676,0,0,0,EREG,M
0,0,0,26.18258667,27.59889221,26.17892647,0,0,0,ERP44,S
0,0,0,29.25561333,28.4985733,28.94723511,0,0,0,ESD,IC
28.39227104,0,26.10693359,32.22478104,31.13142586,32.00125504,31.06188202,30.64013481,30.84737396,ESR1,IC
0,0,0,26.7612915,26.92286301,26.64993095,0,0,0,ETF1,IC
0,0,0,27.16461372,27.53081131,27.47529602,0,0,0,ETHE1,IC
0,0,0,25.41976166,25.80732346,26.2677803,0,0,0,EVA1A,IC
0,0,0,31.399786,31.32189941,32.34593582,0,0,0,EVA1B,IC
0,0,0,26.78680992,26.408144,26.49177933,0,0,0,EXOC4,IC
0,0,0,26.08790398,25.153368,25.97821236,0,0,0,EXOC5,IC
0,0,0,26.00004578,25.91241646,26.39716721,0,0,0,EXOC7,IC
0,0,0,27.75174713,27.40283775,27.25700951,0,0,0,EXOC8,IC
27.01945496,29.89671707,27.6486969,0,0,0,26.65662766,27.15634155,27.3698616,F10,S
29.12790108,0,28.30756378,0,0,0,0,0,0,F11,IC/S
0,0,0,28.2419548,27.07326698,27.90483475,0,0,0,F2R,M/S
0,0,0,26.51080894,24.6925869,25.14129448,0,0,0,F2RL1,M
28.67657089,0,29.4302578,32.04387665,30.49552727,32.15864182,0,0,0,F3,IC/M
28.64674187,28.1502533,28.42033195,0,0,0,27.22066498,27.64395714,0,FABP1,IC
0,26.05581474,26.10583496,29.98535919,30.02009201,30.38401604,0,0,0,FABP5,IC
0,0,0,0,0,0,25.53735924,25.5280571,25.45252419,FAH,IC
0,0,0,28.27399826,27.3902626,27.62156677,0,0,0,FAM114A1,IC
0,0,0,25.86083794,25.96433067,26.26811981,0,0,0,FAM126A,IC
0,0,0,33.20429993,29.10709381,29.47506523,26.54070282,25.86935997,25.56284714,FAM129B,IC
0,0,0,27.31941414,26.69498062,27.72487831,0,0,0,FAM171A1,MS/S
0,0,0,25.7857132,25.80513573,26.68324661,0,0,0,FAM171A2,M
0,0,0,28.18437576,28.10044098,29.31689262,0,0,0,FAM171B,M/S
0,0,0,30.24886894,29.24977303,29.85241318,0,0,0,FAM49B,IC
0,0,0,26.61666679,26.19277954,26.74188232,0,0,0,FAM65A,IC
0,0,0,30.68520355,30.14758682,30.07354736,0,0,0,FAP,IC/S
0,0,0,31.42262077,30.83213425,31.32071495,0,0,0,FAS,M/S
27.36728096,0,25.37075996,34.3796196,32.4565506,33.40248108,0,0,0,FAT1,IC/M/S
0,0,0,28.49986649,28.30812836,28.6160717,0,0,0,FAT4,M
0,0,0,0,0,0,28.3761692,27.98038292,28.7183609,FBN1,S
0,0,0,29.99860001,28.97735596,29.15973854,0,0,0,FERMT2,IC
0,0,0,25.1348877,23.89476585,23.99894905,0,0,0,FGFR1,IC/M/S
0,0,0,25.86790085,25.27565193,25.71751213,0,0,0,FGG,IC/S
26.87572479,25.85671425,0,0,0,0,0,0,0,FGL2,S
0,0,0,24.94395828,25.60904884,25.41315842,0,0,0,FH,IC
0,0,0,30.45806694,30.10836601,30.46421623,28.94075394,28.57574844,28.43678474,FHL2,IC
0,0,0,25.6673069,27.57859612,26.45049667,0,0,0,FKBP10,IC/S
0,0,0,29.89389992,28.97615433,29.92775917,0,0,0,FLRT3,M
0,0,0,29.67096138,29.23153114,29.74318314,0,0,0,FMNL3,IC
0,0,0,0,0,0,28.06542969,28.31825066,28.13001442,FMOD,S
37.1910553,35.95819855,36.62744904,34.09270096,34.98345566,33.79478836,36.36359024,35.34876251,35.58838272,FN1,IC/S
0,0,0,26.04784966,25.42767906,25.09992981,0,0,0,FN3KRP,IC
0,0,0,27.69922256,25.946661,26.47303772,0,0,0,FRMD6,IC
27.68204117,27.10529518,0,0,0,0,0,0,0,FST,IC/S
31.89070129,29.52419281,31.53450012,0,29.07106972,27.25646973,31.2155838,29.8381443,31.01750565,FSTL1,IC/S
27.22352219,27.96548653,28.00195885,28.02284431,29.42988014,29.17080879,0,0,0,FTH1,IC
0,0,0,26.76433182,28.14850807,27.48531342,0,0,0,FTL,IC
0,0,0,27.37823868,26.5391655,26.91866112,0,0,0,FZD6,M
25.68618965,25.94304276,26.28698921,31.92255974,31.42747307,31.59730339,27.77900124,27.30277824,27.02886391,G6PD,IC
0,0,0,26.09335518,25.46201324,25.84282875,0,0,0,GABARAP,IC
0,0,0,28.1349659,28.40952873,27.49609947,0,0,0,GALK1,IC
0,0,0,23.55847549,26.27396393,23.61065483,0,0,0,GALNT2,S
0,0,0,25.40658951,24.02089691,23.99722672,0,0,0,GAP43,IC
0,0,0,28.83379364,27.85881233,28.00415611,27.77448463,27.49655724,27.4543457,GBE1,IC
0,0,0,26.63270187,26.16928482,26.39008141,0,0,0,GCLC,IC/M
29.4525013,30.37451172,30.75628853,30.8458786,32.21233749,31.17295647,31.73048592,32.0175705,31.31963921,GDF15,IC/M
0,0,0,28.61136436,28.71056557,28.284935,0,0,0,GFPT1,IC/M
0,0,0,26.93708038,25.54924965,25.27095604,0,0,0,GFPT2,IC/M/S
0,0,0,28.73724747,28.60837173,28.88611412,0,0,0,GGT1;GGT3P;GGT2,IC/M/S
0,0,0,26.28087997,26.08675194,26.60625458,0,0,0,GIT2,IC
0,0,0,31.86956787,28.28016472,31.8515873,0,0,0,GJA1,M
0,0,0,27.25592995,28.26463509,26.6502037,0,0,0,GLG1,IC/M/S
0,0,0,27.75525475,27.63270187,27.58319473,0,0,0,GLIPR1,IC/M/S
0,0,0,30.48912811,29.80807114,30.03996277,0,0,0,GLIPR2,IC
0,0,0,28.07913017,27.80839157,28.26838684,0,0,0,GLOD4,IC
0,0,0,29.0487175,28.66349792,29.05584526,0,0,0,GLRX,IC
0,0,0,28.64402771,27.99199486,28.73366547,0,0,0,GLRX3,IC
0,0,0,27.53489876,26.64209938,27.42141724,0,0,0,GMFB,IC
0,0,0,26.53310204,26.13592529,25.94398117,0,0,0,GMPPA,IC
0,0,0,26.24074554,25.26624489,25.63014793,0,0,0,GMPR2,IC
0,0,0,25.75223351,26.2237606,26.25416374,0,0,0,GNA12,IC
0,0,0,30.93438339,30.11048317,30.4144783,0,0,0,GNA13,IC
0,0,0,28.34180832,27.32113457,27.91033554,0,0,0,GNG10,IC
0,0,0,27.37732887,27.16067505,27.93427086,0,0,0,GNG11,IC
0,0,0,31.27436638,29.52043343,30.38319206,0,0,0,GNG2,IC
0,0,0,24.20866013,24.11703873,24.82221031,0,0,0,GNL1,IC
0,0,0,27.63934135,27.28356743,27.29701614,0,0,0,GOLGA7,IC
0,0,0,26.82420158,27.54111671,26.14701462,0,0,0,GOLIM4,M
0,0,0,28.02812576,27.81164169,27.73827934,0,0,0,GOT1,IC
27.42894173,27.79302788,27.92575264,28.07285881,27.76103783,27.40226746,26.96466064,0,26.88983154,GPC1,IC/M/S
0,0,0,25.90044212,25.60246468,25.44436455,0,0,0,GPR68,M
0,0,0,29.35623932,29.50138664,29.93494606,0,0,0,GPRIN1,IC
0,0,0,25.81379509,25.49902344,25.18063545,0,0,0,GPS1,IC
0,0,0,26.72754288,26.05444908,25.85088539,0,0,0,GPSM1,IC
0,0,0,27.70516968,26.79773521,25.66587257,0,0,0,GPX1,IC
0,0,0,25.54241562,25.92424583,26.63809967,28.03548622,28.56099892,27.97771072,GPX3;GPX6;GPX5,IC/S
0,0,0,27.0674324,26.53749275,27.3639431,0,0,0,GRB2,IC
28.3810482,29.21604538,28.92059326,30.85489655,31.70726204,31.2091465,0,0,0,GREM1,S
0,0,0,27.47714996,26.79785919,27.3694458,0,0,0,GRHPR,IC
0,0,0,28.58631134,27.76787186,28.69401741,0,0,0,GRK5,IC
26.57395172,26.26020813,26.5632267,25.74524689,26.75085449,26.03791618,0,0,0,GRN,IC/S
0,0,0,25.92614746,25.06837463,25.36616325,0,0,0,GSK3A,IC
0,0,0,26.77001572,26.2709198,26.46510124,0,0,0,GSK3B,IC
0,0,0,26.62617111,26.90081024,26.56906319,0,0,0,GSR,IC
0,0,0,26.90426064,26.25760269,26.57643509,0,0,0,GSS,IC
0,0,0,0,0,0,26.03950691,25.9901886,25.45619583,GSTA3,IC
25.8018837,25.74624634,27.02464294,0,0,0,0,0,0,HABP2,IC/S
27.07357407,27.1213932,27.39933777,28.57938766,27.80784035,28.31850815,27.89538956,28.32641792,27.74066162,HAGH,IC
0,0,0,28.20027351,27.75206757,28.27244186,0,0,0,hCG_2004507;CSNK1G1,IC/M
0,0,0,27.07958794,26.02282333,27.21539688,0,0,0,HEBP1,IC
0,0,0,27.66193771,27.78556442,28.43551445,28.03107452,0,0,HEBP2,IC
0,0,0,26.32292366,25.0315361,25.45547485,0,0,0,HERC4,IC/M
0,0,0,0,0,0,25.74975395,25.31830978,25.92474556,HEXA,S
0,0,0,0,0,0,27.0589962,27.14996147,27.17816734,HEXB,IC/S
0,0,0,0,0,0,29.31732368,27.61182213,28.62944031,HGF,IC/S
27.871912,28.81756973,28.45877266,0,0,0,29.66402435,29.12368965,29.6107502,HGFAC,S
0,0,0,27.87214661,27.33611488,27.82868767,27.43872833,0,26.96124268,HGS,IC
26.54490852,0,27.75493622,30.72776985,30.43519592,30.86119652,29.29644775,29.27949905,29.24900436,HINT1,IC
0,0,0,28.61428261,25.88248062,26.88203621,0,0,0,HINT3,IC
0,0,0,30.06996918,28.10893822,28.75078964,0,0,0,HLA-B,IC/M
0,0,0,29.20419884,27.99042702,28.65290642,0,0,0,HLA-B,IC/M
0,0,0,31.66873169,30.32367134,31.58374214,0,0,0,HLA-B,IC/M
0,0,0,29.7657547,27.96289825,28.91127968,0,0,0,HLA-B,IC/M
0,0,0,28.5037384,27.37583733,28.8587532,27.927845,0,0,HLA-C,M/S
0,0,0,31.39912224,28.81564713,29.85424232,27.25898743,26.25927353,28.92617607,HLA-C,M/S
0,0,0,25.90811539,27.16681671,27.76293945,0,0,0,HN1,IC
0,0,0,29.03671837,26.11872292,26.65239334,28.12307167,26.84995461,26.85448074,HPCAL1;HPCA,IC
0,0,0,27.92665672,26.94659233,28.33509254,0,0,0,HSP90AB2P,IC
27.57506371,0,0,31.49586105,30.67261505,30.68470192,29.44328117,29.33530426,27.63975525,HSPB1,IC
0,0,0,27.85833931,27.20191002,27.61813927,0,0,0,HSPB6,IC
28.44714928,28.60999298,28.67016792,0,0,0,28.10439682,27.67485428,27.97612572,HSPG2,IC/S
0,0,0,27.30051231,27.10049057,28.21154976,28.41489983,27.28700829,28.76701927,HTRA1,IC/S
28.54314613,27.88843918,28.28850555,34.91349411,34.79391479,34.79966736,26.10842896,25.77532578,27.24445152,ICAM1,M/S
0,0,0,29.32407951,27.44031334,27.80100822,0,0,0,ICAM5,IC/M
0,0,0,28.83204269,27.72390366,27.11981201,27.50165176,26.50391197,27.23763084,IDH1,IC
0,0,0,26.50557899,26.26667213,26.84194183,0,0,0,IDI1,IC
0,0,0,25.98912621,25.84507942,25.67494965,0,0,0,IGF1R,IC/M
29.62747574,29.19795609,29.58509445,0,0,0,28.80177879,28.15049553,28.6412735,IGF2,M/S
28.49056244,27.71306038,28.79035759,28.032547,28.9866333,27.70285988,28.43332672,29.10539627,28.81219292,IGF2R,IC/M
0,0,0,0,0,0,27.8080864,27.59284782,27.39108276,IGFALS,IC/M/S
30.13980293,28.85961342,29.25894165,0,0,0,32.49683762,32.39335632,32.32023239,IGFBP2,IC/S
27.96697235,26.93876457,26.92750549,0,0,0,0,0,0,IGFBP3,IC/S
32.72750854,31.90354347,32.27980042,0,0,0,32.47254562,30.97473335,32.70192337,IGFBP4,S
32.92050171,31.58696556,32.83909607,29.80214882,31.20063591,31.80485916,34.49016953,32.3249321,33.20923233,IGFBP5,S
30.84296036,0,26.14213371,0,0,0,30.87672043,27.92637444,28.22522354,IGFBP6,S
31.82748413,29.92917061,31.85945702,0,29.01797104,26.7929039,30.57425117,28.67236137,30.39315033,IGFBP7,S
28.48477554,0,28.07336998,32.26452637,31.01717377,31.80539703,0,0,0,IGSF8,M/S
0,0,0,28.74107933,27.5903511,28.53348732,0,0,0,IL1B,IC
26.89942932,0,0,27.4540329,25.99232864,26.52442932,0,0,0,IL1RAP,IC/M/S
28.5822258,0,29.04965401,0,30.21593094,27.85655975,29.13784981,27.70944786,29.56695938,IL6,IC/S
0,0,0,28.54484177,27.50650215,27.4789257,0,0,0,IL6ST,M/S
0,0,0,30.77124405,30.4459877,30.51869011,0,0,0,ILK,IC
0,0,0,26.98706818,26.4665947,26.56864166,0,0,0,IMPA1,IC
0,0,0,25.79696846,25.19914246,24.69301414,0,0,0,IMPAD1,IC/M
30.59823608,29.45524788,30.32581711,27.28665543,28.08212852,26.21750641,32.80606842,30.00611115,32.40179443,INHBA,S
0,0,0,28.27195358,27.31458092,27.96851158,0,0,0,INPP5A,IC/S
0,0,0,27.34468842,27.10799026,27.31172562,0,0,0,IRGQ,IC
0,0,0,0,0,0,25.002388,0,24.52306938,ISG15,IC
0,0,0,29.72126579,29.47628212,29.7014389,0,0,0,IST1,IC
0,0,0,27.28038597,26.7507267,27.01881981,0,0,0,ITCH,IC
0,0,0,30.11793137,29.36917496,29.67344093,0,0,0,ITFG3,IC/M
27.03401756,25.54421616,28.18536949,33.77911377,32.94448853,34.08796692,0,0,0,ITGA1,M
0,0,0,30.41417503,29.09441376,30.24490547,0,0,0,ITGA11,M
0,28.46349525,27.73466682,31.114645,30.8096962,30.97875977,0,0,0,ITGA2,M
31.50975227,31.19987679,31.28647995,36.02217865,36.13488007,36.04394531,29.37341309,27.36544609,28.57513618,ITGA2,M
25.7523098,27.48661804,28.50039864,33.92415237,33.24643326,33.78692245,0,0,0,ITGA3,IC/M
0,0,0,30.03052139,29.11849976,29.90927696,0,0,0,ITGA4,M/S
26.19771767,28.3089962,28.65335083,32.56358719,32.33423615,32.57156372,0,0,0,ITGA5,M
0,0,0,32.20990372,31.95035934,32.4178772,0,0,0,ITGA6,IC/M
0,0,0,28.81023216,26.70596123,26.65908051,0,0,0,ITGA7,IC/M
27.0940609,26.40252876,26.91307831,34.02374649,33.25307465,33.55350494,23.42508698,0,0,ITGAV,IC/M
0,0,0,26.11670113,25.28312683,25.62008476,0,0,0,ITGB1BP1,IC
0,0,0,32.99417114,32.61447525,32.6584053,0,0,0,ITGB3,M/S
0,0,26.51773262,32.99957275,32.10221481,32.93075943,0,0,0,ITGB5,IC/M
0,0,0,29.7034874,27.24581146,27.13643265,0,0,0,ITGB8,M
0,0,0,25.18245506,25.32885742,25.89912987,0,0,0,ITPA,IC
0,0,0,27.31639481,26.21411896,27.39018059,0,0,0,JAG1,IC/M
0,0,0,28.36823845,27.21863365,27.41207695,0,0,0,JAM3,IC/M
0,0,0,26.73814964,27.0730629,26.87841606,0,0,0,KIDINS220,IC/M
0,0,0,29.85437584,29.24256706,29.58319473,0,0,0,KIRREL,M
0,0,0,29.5778389,28.652771,28.95941925,0,0,0,KLC1,IC
0,0,0,26.77831268,26.72923088,26.88168716,0,0,0,KLC2,IC
26.70081139,28.21840286,26.18516159,0,0,0,0,0,0,KLKB1,IC/S
0,0,0,26.08468437,24.93966103,25.25147629,0,0,0,KPNA3,IC
0,0,0,27.02844238,26.31749916,27.14957428,0,0,0,KRIT1,IC
0,0,0,28.78743362,25.94842148,27.893713,0,0,0,L1CAM,IC/M/S
28.01775742,0,27.8040905,28.73427963,27.34494209,29.22174835,26.85993958,0,0,LAMA4,IC/S
26.91410637,0,0,29.97445869,27.12010765,28.56750488,0,0,0,LAMA5,IC/S
29.40884209,26.90253639,29.15252686,30.91277885,28.51435089,30.42622375,29.11780739,28.34798622,29.47994804,LAMB1,IC/S
30.05348969,27.48262215,29.51463318,30.72183609,28.91999817,30.17057037,30.07775497,29.32429314,29.27399826,LAMC1,IC/S
0,0,0,29.08808136,29.77449989,28.74963951,0,0,0,LAMP1,M
0,0,0,25.40989304,26.4643383,26.45505142,0,0,0,LAMP2,M
0,0,0,25.75564957,26.51340103,26.23472786,0,0,0,LAMTOR1,IC
26.56851196,24.5410881,25.86665154,30.59521484,30.12989044,29.14710236,25.56401062,24.95690727,0,LAP3,IC
27.31371689,28.1925354,27.53192711,30.90145874,29.98888397,31.49614716,25.96212578,0,0,LASP1,IC
0,0,0,29.77476692,29.59537506,29.42081451,28.6108017,29.27479935,29.14275169,LGALS3,IC
0,0,0,28.00629807,27.24218178,27.10918808,0,0,0,LHFPL2,M
0,0,0,0,0,0,30.24399757,28.05605125,28.80390549,LIF,IC/S
0,0,0,29.5974369,28.83180237,29.08334541,0,0,0,LIMS1,IC
0,0,0,29.81830215,30.14041328,30.77069283,0,0,0,LIN7C,IC
0,0,0,28.00034714,27.41126823,27.51254272,0,0,0,LLGL1,IC
0,0,0,0,0,0,27.34832382,26.76761818,27.03977966,LMAN2,IC/M/S
31.73347855,30.19812012,30.75509453,28.16734314,28.91336441,28.31509972,30.88278008,28.99720001,30.5243988,LOXL2,IC/S
0,0,0,28.54406929,26.48802948,27.32474518,0,0,0,LPAR1,IC/S
0,0,0,0,0,0,27.3631916,26.93415833,26.98446274,LPP,IC
0,0,0,26.29137039,26.52898026,26.84218216,0,0,0,LPXN,IC
0,0,0,24.9023304,27.44363785,26.43675995,0,0,0,LRPAP1,S
0,0,0,30.5810051,30.06727791,31.3291893,28.93562126,27.82219696,28.14180183,LRRC17,S
0,0,0,26.12206459,26.02734566,26.01845932,0,0,0,LRRC47,IC
0,0,0,29.54028511,28.70655251,28.94740105,0,0,0,LRRC57,IC
0,0,0,26.67640305,26.0759201,25.8959446,0,0,0,LRRC8C,M
0,0,0,25.06911278,25.56537819,26.49596214,0,0,0,LRRFIP1,IC
0,0,0,25.91897964,25.68535995,25.51301003,0,0,0,LRSAM1,IC
25.47317696,26.24943352,26.5767231,0,0,0,0,0,0,LTBP2,IC/S
0,0,0,27.34155273,26.90953445,27.79097939,0,0,0,LTBR,IC/S/M
0,0,0,29.68565369,28.01850128,27.60413551,0,0,0,LXN,IC
0,0,0,27.07050514,26.76812363,26.91216469,0,0,0,LYPLA1,IC/M
0,0,0,28.43519592,27.60448837,27.59718895,0,0,0,LYPLA2,IC
0,0,0,0,0,0,28.44596672,29.08136559,29.00857162,LYZ,S
0,0,0,27.47931099,27.22223282,27.00549507,0,0,0,MAMDC2,S
0,0,0,0,0,0,26.97760201,25.80257416,26.62184525,MAN1A1,M
0,0,0,0,0,0,26.0670414,25.44373131,0,MAN2A1,M
0,0,0,0,0,0,26.52302361,25.57354736,25.87865067,MAN2B1,S
0,0,0,0,0,0,27.06105804,0,26.22055435,MANBA,S
0,0,0,28.71842575,27.87841606,28.28735924,0,0,0,MAP2K1,IC
0,0,0,27.18300438,27.52611732,27.37550735,0,0,0,MAP2K2,IC
0,0,0,29.84311104,30.32141495,30.94872475,0,0,0,MAP3K9,IC/S
0,0,0,31.44470406,31.23340797,31.71083641,0,0,0,MAP4K4,IC
0,0,0,0,0,0,28.12099838,27.79197311,27.74547768,MAPK1,IC
0,0,0,27.0413475,26.83773804,26.40760994,0,0,0,MAPK3,IC
0,0,0,0,0,0,26.27728462,26.40995789,26.14228821,MAPRE2,IC
0,0,0,28.43388367,27.51735687,28.0498867,0,0,0,MARK2,IC
0,0,0,27.37906456,26.28303719,27.22149467,0,0,0,MARK3,IC/M
0,0,0,30.21743393,30.58629417,30.68920898,0,0,0,MCAM,M
0,0,0,0,0,0,26.74098396,27.44205666,28.84281158,MCFD2,IC/S
27.93472099,27.01361084,27.15566635,31.19048691,30.68528748,30.37534142,27.17740631,27.14491653,27.23945236,MDH1,IC
0,0,0,25.60992241,26.03315544,25.77150345,0,0,0,ME1,IC
0,0,0,27.25826836,27.33747673,27.0482235,0,0,0,MEMO1,IC/M
0,0,0,0,0,0,28.26364899,27.97721863,28.17617035,METTL2B,IC/M
0,0,0,33.4152565,32.10976791,32.88351059,29.58272743,25.98370171,27.65539932,MFGE8,S
0,0,0,0,0,0,26.8768959,0,26.97508812,MGAT5,M
0,0,0,28.18787193,27.71685791,28.47459984,0,0,0,MGLL,IC
0,0,0,25.12115669,24.63511276,25.10481644,0,0,0,MGRN1,IC
0,0,0,26.73414993,26.81799698,27.92150307,0,0,0,MICA,M
0,0,0,25.32343864,25.60727119,25.57357597,0,0,0,MICAL1,IC
27.59249115,27.60703087,28.1286869,30.8111515,30.32463646,29.1967144,29.8980732,30.02604294,29.22979164,MIF,IC
0,0,0,29.28246307,28.9922924,29.55010033,0,0,0,MINK1,IC
25.60402298,25.93258286,26.89793015,32.87309265,32.12006378,32.80291367,0,0,0,MME,IC/M
34.904953,34.42686081,34.90077591,29.00375557,31.70033264,31.1535778,34.46660233,34.30007553,34.77499771,MMP1,S
27.86212921,25.86917114,27.79637337,33.4651413,33.14869308,33.36032104,26.42148018,25.83398056,27.57852364,MMP14,MS/S
32.21896362,30.62688446,31.83171844,30.36379814,30.29821777,31.94366837,31.69789124,30.62401009,31.98179054,MMP2,IC/S
30.03078461,28.02009201,29.29592133,0,28.20513153,27.13075066,29.79853821,31.77999496,32.94242859,MMP3,IC/S
0,0,0,28.37090111,27.95665359,29.4814682,0,0,0,MOB1A;MOB1B,IC
0,0,0,29.95656967,29.14102173,30.21315002,0,0,0,MPZL1,M/S
0,0,0,27.18848419,27.13114357,27.84224129,0,0,0,MRAS,IC
27.54362679,0,27.78037834,27.55142212,27.23077583,27.12612915,27.81243706,27.70325661,28.37256241,MRC2,IC/M
0,0,0,26.56460762,25.71306038,25.98917007,0,0,0,MSRA,IC/S
0,0,0,0,0,0,25.66646767,25.78865433,25.71067047,MST1,IC/S
0,0,0,25.74398994,26.40597153,26.2767868,0,0,0,MT1F,IC
30.39007759,32.56531143,31.06984138,32.03908157,32.09392929,32.47998047,27.26096153,28.04578018,28.59462929,MT2A,IC
0,0,0,26.27191734,26.18961716,26.60949898,0,0,0,MVB12A,IC
0,26.65348816,0,32.72665405,33.67535019,33.38663864,26.3572464,26.85590553,27.19957161,MVP,IC
0,0,0,0,0,0,27.30208206,26.53649902,26.54965973,MXRA8,M
0,0,0,28.57304192,26.88460159,26.71947098,0,0,0,MYADM,M
0,0,27.11068153,26.78793144,28.78184891,27.74663162,0,0,0,MYDGF,IC/S
0,0,0,24.69487381,24.69922256,24.70403481,0,0,0,MYLK,IC/M
0,0,0,28.0175457,27.09556961,27.65948868,0,0,0,MYO10,IC
0,0,0,32.9586792,32.59479141,32.19797516,0,0,0,MYOF,IC/M
0,0,0,26.09986877,25.96011543,25.95805931,0,0,0,NAGK,IC
0,0,0,27.2471714,27.6807003,27.45951462,0,0,0,0S,IC
0,0,0,29.48669434,28.47965813,29.8100338,0,0,0,NAPA,IC
0,0,0,29.13848495,28.23986244,28.88497925,0,0,0,NAPG,IC
0,0,0,30.62905693,28.95590401,29.04205132,0,0,0,NCKAP1,M
0,0,0,26.57571411,25.33374405,26.11899948,0,0,0,NCS1,IC
0,0,0,28.82980728,27.25907707,28.54690361,0,0,0,NCSTN,IC/M/S
0,0,0,30.16002655,29.02273941,29.68240929,0,0,0,NDRG1,IC
0,0,0,26.50825691,26.45207024,26.21968651,0,0,0,NDRG3,IC
0,0,0,25.56958389,24.87890816,26.04714203,0,0,0,NEDD4,IC
0,27.53719711,27.12159157,30.07380295,30.33926201,30.00463867,0,0,0,NEDD8;NEDD8-MDP1,IC
0,0,0,28.06876373,27.23397827,27.89052773,0,0,0,NEO1,M
0,0,0,27.25042725,27.47714996,27.64938164,0,0,0,NES,IC
0,0,0,28.67972755,28.66139412,29.45214844,0,0,0,NF2,IC
0,0,0,26.60470009,25.29393387,25.53827667,0,0,0,NFKB2,IC
29.86011696,27.6069603,29.55758858,30.24558449,27.97465134,29.4569912,29.88101578,27.30591202,29.29909325,NID1,S
28.48008156,27.67727661,29.68548775,28.69823074,27.16729546,28.6065731,29.27526474,27.789114,29.8177681,NID2,IC/S
0,0,0,28.02733421,28.07485008,27.33381271,0,0,0,NINJ1,M
0,0,0,26.34572029,26.22306252,26.42708778,0,0,0,NIT2,IC
0,0,0,28.37364197,28.19633865,28.79532051,0,0,0,NOTCH1,M
0,0,0,30.55013847,30.5225296,30.42362213,0,0,0,NOTCH2,IC/M
0,0,0,27.70252991,26.79538345,26.72715378,0,0,0,NOTCH3,IC/M/S
0,0,0,24.7522068,27.98402786,25.92542458,0,0,0,NPC2,IC/S
0,0,0,0,0,0,27.29149437,25.94688416,28.08065605,NPTX1,S
0,0,0,28.45693207,26.45627403,27.22756767,27.48339272,26.39273643,27.60618401,NRG1,IC/M/S
0,0,0,32.34292221,31.25028038,31.59677124,0,0,0,NRP1,IC/M/S
0,0,0,29.86165619,28.4803524,28.18371391,0,0,0,NRP2,M/S
31.88460159,31.6823597,31.7066021,36.00706863,35.4191246,35.41409302,29.01302528,27.56470871,28.33705139,NT5E,IC/M/S
27.42910194,0,0,30.64048004,28.97719193,29.28478241,0,0,0,NTM,IC/M/S
0,0,0,27.40478706,27.25763893,28.18518066,0,0,0,NTSR1,M
30.0730381,28.14787865,28.71839333,24.63494682,28.01132011,26.33073997,32.00292969,30.32699585,31.94160652,NUCB1,S
0,0,0,0,0,0,0,0,0,NUCB2;Nucb2;HEL-S-109,IC/S
0,0,0,28.31229019,27.83442688,27.87073708,27.9671917,26.98956108,26.66003418,NUDT5,IC
0,0,0,30.03314972,29.57659721,30.18647957,0,0,0,NUMB,IC
0,0,0,28.24440575,28.19610405,27.96273232,27.19488525,0,0,NUTF2,IC
0,0,0,23.64284325,23.98988533,24.18260574,0,0,0,OGFR,IC
27.42886162,28.22513199,27.80298042,0,0,0,0,0,0,OMD,S
0,0,0,24.92632866,25.83217049,25.8754673,0,0,0,OPTN,IC
0,0,0,27.63505745,27.48408318,28.20008659,0,0,0,ORAI1,M/S
0,0,0,26.95814705,26.74919128,26.44301987,0,0,0,OSBP,IC
0,0,0,27.38574409,25.80491447,26.56862831,0,0,0,OSMR,IC/M/S
26.03439522,0,0,28.39546013,27.84290123,27.91307831,27.40031433,27.68892479,26.95015907,OTUB1,IC
0,0,0,26.9949646,27.07836723,27.35959435,0,0,0,OXSR1,IC
0,0,0,25.81814384,26.8659668,26.27494049,0,0,0,P4HA1,S
0,0,0,30.3369236,29.3175602,29.88364029,0,0,0,PACSIN2,IC
0,0,0,27.77454758,28.05305099,27.74368095,28.80285835,27.40299988,27.76812363,PAFAH1B1,IC
0,0,0,0,0,0,26.66288757,26.61876869,26.39249039,PAFAH1B2,IC
0,0,0,25.12447357,24.73257256,24.90219307,0,0,0,PAFAH1B3,IC
0,0,0,29.13214874,28.83770752,30.00021172,0,0,0,PAG1,IC
0,0,0,28.63401794,28.26028824,28.35598755,0,0,0,PAK2,IC
0,0,0,26.81836319,26.75378799,26.92739296,0,0,0,PALLD,IC
0,0,0,0,0,0,26.8411026,26.54802895,27.37674904,PAM,IC/M/S
0,0,0,0,0,0,27.38467407,0,25.87225151,PAMR1,IC/S
32.0315094,26.27792358,27.57253647,30.94405365,26.13868141,26.54113197,29.88151169,26.41804123,26.57452965,PAPPA,S
0,0,0,27.69484711,27.29517746,27.23114204,0,0,0,PAPSS2,IC
0,0,0,28.43348503,28.81637955,28.2010231,0,0,0,PARP4,IC
0,0,0,29.52980804,28.6048069,28.97754669,0,0,0,PARVA,IC/M
0,0,0,29.7003479,29.43390274,28.54163361,0,0,0,PBXIP1,IC/M
0,0,0,0,0,0,26.9304409,27.9077034,27.85120583,PCBD1,IC
0,0,0,28.96501923,26.37924767,27.51382256,0,0,0,PCDH18,IC/M
0,0,0,27.08780289,26.14481926,26.40369797,0,0,0,PCDH7,IC/M
0,0,0,27.6615963,27.03170586,27.6444397,0,0,0,PCDH9,M
0,0,0,25.99946594,24.47240257,24.67087746,0,0,0,PCDHGA4;PCDHGA7,M
0,0,0,26.45840454,25.02837944,25.06011009,0,0,0,PCDHGB4,M
0,0,0,29.46540451,28.15499115,28.54454803,0,0,0,PCDHGB5,M
0,0,0,27.51593018,26.08184433,25.97934723,0,0,0,PCDHGC3,IC/M
28.68511963,26.25418091,27.31967163,0,0,0,29.24631119,27.1595211,28.18796539,PCOLCE,S
0,0,0,29.17355156,27.95060349,28.64917564,0,0,0,PDCD10,IC
0,0,0,28.63744354,28.3277874,28.14472198,0,0,0,PDCD6,IC
27.96592712,27.08314323,28.3607235,34.15903473,33.65384293,33.87765121,0,0,0,PDCD6IP,IC
0,0,0,27.24318123,26.14174271,26.30056381,0,0,0,PDGFC,S
0,0,0,32.85048676,29.44760323,29.69220543,0,0,0,PDGFRB,IC/S
27.84020042,27.72695923,28.17126274,31.18115616,30.01664352,31.18712807,28.25115013,28.4685154,28.55913925,PDLIM1,IC
0,0,0,30.16458893,29.49386787,29.47330475,27.32044601,0,0,PDLIM4,IC
0,0,0,27.17807198,27.09073257,27.36736298,0,0,0,PDLIM5,IC/M
0,0,0,26.7881813,26.4108963,26.54210663,0,0,0,PDPK1;PDPK2P,IC
0,0,0,27.22646523,26.82371712,27.13418198,0,0,0,PDXK,IC
0,0,0,26.82905197,27.63678551,28.15634155,0,0,0,PEA15,IC
0,0,0,27.97951126,28.53526878,28.88573647,0,0,0,PFDN1,IC/M
0,0,0,28.53560257,28.658741,29.2532711,0,0,0,PFDN2,IC
0,0,0,28.09098625,28.88933754,29.03364944,0,0,0,PFDN6,IC
0,0,0,27.83243561,27.11763382,27.65444374,0,0,0,PFKL,IC
0,0,0,26.29801369,25.41583633,25.41419029,0,0,0,PFKM,IC
0,0,0,29.79807472,29.51380539,29.55131149,0,0,0,PFN2,IC/M
0,0,0,28.46334076,27.11008453,27.8434391,26.66478729,0,0,PGLS,IC
0,0,0,26.58663368,26.0022583,26.07116127,0,0,0,PGM1,IC
0,0,0,0,0,0,28.0877533,28.38042831,27.48131561,PGM3,IC
0,0,0,25.08577919,25.86881828,25.16277122,0,0,0,PGRMC2,IC/M
0,0,0,30.26874352,28.96187782,29.5345459,0,0,0,PHLDA1,IC
0,0,0,29.27974319,28.99472046,29.53838158,0,0,0,PHLDA2,IC
0,0,0,28.16944695,27.88361168,27.24988556,0,0,0,PHLDA3,IC
0,0,0,30.67530823,29.86708641,30.75390053,0,0,0,PHLDB1,IC
0,0,0,28.3424015,27.94491959,28.5555954,27.18980408,0,0,PHPT1,IC
0,0,0,25.50142479,25.49466515,25.52942657,0,0,0,PI4K2A,IC
0,0,0,26.27832985,26.1460228,26.89573669,0,0,0,PICALM,IC
0,0,0,28.01078606,27.12799835,27.59020805,0,0,0,PIN1,IC
0,0,0,25.67176819,26.01034927,26.31592941,0,0,0,PIP4K2A,IC
0,0,0,28.69225502,28.25011063,28.56467247,0,0,0,PIP4K2B,IC
0,0,0,26.93258286,26.15940666,27.24490547,0,0,0,PIP5K1A,IC
0,0,0,26.95404816,26.62310219,26.95537758,0,0,0,PITPNA,IC
0,0,0,27.93949318,27.0651741,27.8517437,0,0,0,PITPNB,IC
29.81087685,28.1002903,32.21552658,29.88346481,29.59042358,31.12982941,30.31990814,29.62681389,32.54178619,PLAT,S
34.82207108,33.55167389,35.15289307,32.52234268,32.55844116,32.79751587,34.54305267,33.87554932,35.1333847,PLAU,IC/S
0,0,0,31.41306496,31.399786,31.68436813,0,0,0,PLAUR,S
0,0,0,27.01605797,23.69019127,23.72035789,0,0,0,PLCB1,IC
0,0,0,28.45368004,27.40096664,28.27377701,0,0,0,PLCB3,IC
0,0,0,26.627285,26.82541656,26.74944687,0,0,0,PLCB4,IC
0,0,0,27.15392876,25.62975883,25.33831024,0,0,0,PLCD1,IC
0,0,0,26.54717636,26.05051041,26.63311768,0,0,0,PLCD3,IC
0,0,0,26.36591339,25.61876869,25.73629379,0,0,0,PLD1,IC
0,0,0,26.50118065,25.62675476,25.32950783,0,0,0,PLD3,IC/M
0,0,0,29.38407707,28.81188583,29.44760323,0,0,0,PLEKHO2,IC
0,0,0,28.99145317,29.97226906,29.91213608,29.16681671,28.24685478,26.58949471,PLIN3,IC
29.23769951,27.08506966,28.39370346,28.12045479,27.8329792,27.61104774,31.51512146,30.74430656,32.28515625,PLOD1,S
0,0,0,0,0,0,25.99621391,26.15118217,27.4228611,PLOD2,IC/M/S
0,0,0,0,0,0,29.19919777,27.77824974,29.08846092,PLOD3,IC/S
0,0,0,29.23997498,29.09012794,29.2768631,0,0,0,PLSCR3;TMEM256-PLSCR3,IC/M
0,0,0,27.14336014,26.9648819,26.48718452,28.09617424,25.61040115,26.22225189,PLTP,IC/S
0,0,0,0,0,0,0,0,0,PLXDC2,M
0,0,0,30.91890335,29.96856689,30.8993721,0,0,0,PLXNA1,M
0,0,0,27.2703495,26.71947098,26.93517113,0,0,0,PLXNA3,M
0,0,0,27.7206459,27.0163765,27.79097939,0,0,0,PLXNB1,M
26.13094711,25.64855957,26.9096489,33.48147202,32.60768127,33.26765823,0,0,0,PLXNB2,IC/M/S
0,0,0,26.49445152,26.4635582,26.45362473,0,0,0,PMM2,IC
27.83164978,26.11953354,27.32354164,0,0,0,27.27070618,26.56820679,26.88529968,POSTN,S
29.36137199,28.31098938,29.10264587,28.99196815,27.1652832,26.97037697,32.19530869,31.71955299,32.16191864,POSTN,S
0,0,0,25.95858955,26.13322258,26.62992668,0,0,0,PPFIA1,IC/M
0,0,0,29.22719955,28.7774353,29.71757698,0,0,0,PPFIBP1,IC
0,0,0,27.60907745,27.78992271,27.28056145,0,0,0,PPP1R7,IC
0,0,0,27.44908142,27.01350403,27.3792305,0,0,0,PPP5C,IC
0,0,0,25.42627144,25.72187233,24.79213333,0,0,0,PPP6C,IC
0,0,0,29.06141853,28.1353569,28.56208992,28.11733627,28.15831757,27.84044075,PRDX5,IC
0,0,0,28.89417458,28.32581711,28.67057228,0,0,0,PRKAA1,IC
0,0,0,26.50872612,26.33900642,26.19170761,0,0,0,PRKACA;PRKACB;KIN27,IC
0,0,0,30.20303154,29.87365723,29.17047501,0,0,0,PRKCA,IC
0,0,0,26.98054504,27.50263786,26.44524956,0,0,0,PRKCDBP,IC
0,0,0,0,0,0,27.01382446,26.3023777,27.42310143,PROCR,IC/M
28.55735016,0,28.61424637,30.20734406,29.96016502,30.71693993,28.24970436,0,28.3585453,PRSS23,IC/S
29.72973251,29.95393562,29.30730247,27.86997223,30.39560318,28.89928436,30.61631775,30.70866013,30.34540749,PSAP,IC/S
0,0,0,27.89764214,26.14384651,26.78106689,0,0,0,PSD3,IC
0,0,0,26.66438103,26.07504272,26.5121212,0,0,0,PSEN1,IC/M
0,0,0,27.94357872,27.8495369,27.94285202,0,0,0,PSMD10,IC
0,0,0,25.5839119,25.42156029,25.39858627,0,0,0,PSMD5,IC
0,0,0,27.4330864,27.94262886,28.46626091,0,0,0,PSMD9,IC
0,0,0,26.65102577,25.79535866,26.38975334,26.40553474,0,0,PSME1,IC
0,0,0,27.71927452,26.67801476,27.14695549,0,0,0,PTGFRN,M
0,0,0,26.77618027,26.63464165,26.72429466,0,0,0,PTGR1,IC
0,0,0,31.14600945,31.43772697,30.48346901,0,0,0,PTK7,IC/M/S
0,29.90253639,27.66756439,24.9162941,25.78434181,25.77341652,0,0,0,PTMS,IC
0,0,0,28.86443329,27.79364777,27.60632515,0,0,0,PTP4A2,IC
0,0,0,26.96840096,26.74008179,27.1193161,0,0,0,PTPN11,IC
0,0,0,30.04166031,28.60133934,29.05858231,0,0,0,PTPRA,M/S
0,0,0,25.09659576,25.07030106,25.49734879,0,0,0,PTPRD;PTPRS;PTPRF,M/S
0,0,0,27.25250435,27.04301643,27.64278793,0,0,0,PTPRJ,M/S
0,0,0,29.5810585,29.12792397,29.72206306,0,0,0,PTPRK,IC/M
0,29.67438316,29.22170258,29.76649857,30.51371002,30.10936165,0,0,0,PTRF,IC
0,0,0,25.60938644,25.76187515,26.00662994,0,0,0,PTRHD1,IC
0,0,0,27.38492203,28.04619598,27.46201324,0,0,0,PTTG1IP,M/S
32.00165558,27.57578468,30.54277802,34.7102623,28.0522728,30.44025421,30.53250313,26.91706848,30.05258369,PTX3,S
0,0,0,30.35909081,30.49056244,30.63910103,0,0,25.90889359,PVR,IC/M/S
0,0,0,29.73272705,29.38724518,29.85608482,0,0,0,PVRL2,IC/M
0,0,0,28.5225296,27.69537926,28.82250214,0,0,0,PVRL3,IC/M
31.38792229,28.27155304,31.23489189,34.66749573,31.8360157,33.81488037,33.57857895,32.12160873,33.39879227,PXDN,IC/S
0,0,0,28.35296059,28.37600327,28.91925812,0,0,0,PXN,IC
0,0,0,26.73557091,26.84385872,26.85186195,0,0,0,QDPR,IC
28.36139297,26.77240944,28.25520897,26.08275795,26.74586296,25.02997971,32.28004837,31.56692314,32.01893234,QSOX1,IC/M/S
0,0,0,29.96168327,29.19971275,29.63789177,0,0,0,RAB10,IC
0,0,0,31.90530205,31.03314972,31.57862282,25.46771431,0,25.95002556,RAB11B;RAB11A,IC
0,0,0,25.44455338,24.74401474,25.19388962,0,0,0,RAB12,IC
0,0,0,32.27436447,31.06374741,31.352108,0,0,0,RAB13,IC
0,0,0,26.56356049,25.98609161,26.22269249,0,0,0,RAB18,IC/M
0,0,0,28.14855766,27.5937748,27.88465881,0,0,0,RAB21,IC
0,0,0,28.27217484,27.92953873,28.17092896,0,0,0,RAB22A,IC
0,0,0,29.61004639,27.53356171,28.04390335,0,0,0,RAB23,IC
0,0,0,29.31622314,28.20261192,27.93876457,0,0,0,RAB2A,IC
0,0,0,28.72507477,28.02939034,27.99771118,0,0,0,RAB34,IC
0,0,0,31.25073242,29.0760231,30.57623672,0,0,0,RAB35,IC
0,0,0,27.28038597,26.48766136,26.83905983,0,0,0,RAB3A,IC
0,0,0,26.77228355,25.9405117,26.30964661,0,0,0,RAB3B,IC
0,0,0,29.41804123,28.80023766,28.74226952,0,0,0,RAB6A,IC
0,0,0,30.15797997,29.23999786,29.81700516,0,0,0,RAB8A,IC
0,0,0,29.77058411,28.79618835,29.258358,0,0,0,RAB8B,IC
0,0,0,25.84381104,25.9948349,25.61276436,0,0,0,RAB9A;RAB9B,IC
0,0,0,31.44356728,30.20396423,31.25811005,0,0,0,RAC2,IC
0,0,0,28.02342796,28.03138924,28.87847519,0,0,0,RAD23B,IC
0,0,0,27.69670486,27.24454308,27.71082878,0,0,0,RAF1,IC
0,0,0,28.5693531,27.5061245,28.16595459,0,0,0,RAP2B,IC
0,0,0,30.22871399,29.14923477,29.47674561,0,0,0,RAP2C,IC
0,0,0,24.02791405,23.94270706,24.4522419,0,0,0,RASA1,IC
0,0,0,26.49226761,26.83134842,26.45522499,0,0,0,RASA2,S
0,0,0,29.85673714,29.08889008,29.41191483,0,0,0,RASA3,IC
30.9411869,29.90784645,30.76572418,26.91010666,26.88890266,27.18167686,31.72464371,32.06528854,32.24914932,RBP4,IC/S
0,0,0,0,0,0,27.96212578,27.67828369,27.96460533,RCN3,IC/M/S
0,0,0,28.92181396,28.21136475,28.7005806,0,0,0,RECK,M
0,0,0,26.73402023,26.76963806,26.26733398,0,0,0,REEP5,M
31.54176331,31.42587471,32.15237045,0,0,0,31.31446266,0,0,RELB,IC
0,0,0,28.47776794,28.0509758,28.02210426,0,0,0,RELL1,M
0,0,0,27.46839905,27.53170395,28.39022064,0,0,0,REPS1,IC
0,0,0,0,0,0,26.46241951,27.27914619,27.54096985,RGN,IC
0,0,0,28.19980621,27.90253639,28.11688995,0,0,0,RGS17,IC
0,0,0,29.92394066,29.32695198,29.44347954,0,0,0,RHBDF1,IC/M
0,0,0,26.48271561,25.1153717,25.98407173,0,0,0,RHBDF2,IC/M
0,0,0,32.43983459,31.81970215,31.97497177,0,0,0,RHOG,IC
0,0,0,27.76027679,27.26865578,27.24472427,0,0,0,RIN1,IC
0,0,0,26.02791405,26.07114029,25.76643181,0,0,0,RIT1,IC
0,0,0,0,0,0,29.71600723,29.97432327,29.47811508,RNASE4,S
0,0,0,29.80796242,30.36557198,29.53328323,0,0,0,RND3,IC
0,0,0,29.68605614,28.26472473,28.34265518,26.50662422,0,0,RNH1,IC
0,0,0,26.34316444,26.04678917,25.92642021,0,0,0,RNPEP,IC/S
0,0,0,29.24352074,28.47367096,29.27112961,0,0,0,ROBO1,IC/M
26.90816116,0,0,29.37233353,29.00093842,28.40145493,0,0,0,RTN4,IC/M
27.11535263,27.27043915,27.19413376,33.06703568,32.24081802,32.0212822,29.84375381,29.78511238,29.17083359,S100A10,M
29.1643486,30.48548508,29.29079056,33.27350235,33.52379227,33.10512161,29.74477196,29.61088943,28.37144089,S100A13,IC
26.71790314,0,0,32.3897438,30.72817612,31.58790398,0,0,0,S100A16,IC
0,0,0,25.97583199,24.28263092,24.33538246,0,0,0,S100A4,IC
30.58638382,31.4697094,31.01365089,32.32117462,33.20629501,32.7467308,31.72768974,31.04531097,31.50284767,S100A6,IC
0,0,0,29.28111458,28.42954063,27.51284409,26.77843857,26.43082428,0,SARS,IC
0,0,0,26.11499596,26.06507111,26.08719635,0,0,0,SBDS,IC
0,0,0,26.2877121,25.06311607,24.68875122,0,0,0,SCAMP1,IC/M
0,0,0,28.65270233,28.58229637,29.1323452,0,0,0,SCRN1,IC
0,0,0,27.40673447,26.92580795,26.86950111,0,0,0,SDC2,M
26.88971519,24.94212532,26.70133972,25.9547348,27.19610405,25.53975677,0,0,0,SDC4,M
27.32500267,28.03023148,29.02633286,32.34080124,32.1708107,32.45468903,0,0,0,SDCBP,IC
0,0,0,27.46971893,27.61364937,27.0877018,0,0,0,SEC13,IC
0,0,0,25.34783363,25.26599312,25.23815918,0,0,0,SEC22B,IC/M
0,0,0,26.81726456,26.61582565,26.52067375,0,0,0,SEC24C,IC
0,0,0,27.17359924,26.02762032,25.8829937,0,0,0,SEC24D,IC
0,0,0,28.56942558,28.79187965,28.52876472,0,0,0,SEC31A,IC/S
0,0,0,0,0,0,28.44446754,27.53867722,28.28634644,SEMA3A,IC/S
0,0,0,25.27511787,25.4411068,25.91015244,0,0,0,SEMA6D,IC/M/S
31.09754372,28.4016571,29.61515999,28.31984329,27.95343781,0,31.5250988,29.49029541,30.12533951,SEMA7A,IC/M
0,0,0,29.89138222,30.20034409,31.40876961,25.88297081,25.48499107,27.56986046,SERPINB2;SERPINB10,S
0,0,0,28.53860283,26.54424477,26.82006836,26.493536,0,0,SERPINB6,IC
0,0,0,26.93483353,26.31525612,26.58548927,25.9244957,26.0359478,0,SERPINB8,IC
29.98508644,29.75094986,27.97771072,27.84320068,29.88673973,28.75193977,34.22690582,32.3456459,31.06406784,SERPINE1,S
0,0,0,27.69425011,26.48833466,26.90621185,0,0,0,SERPINE2,S
0,0,0,30.28007507,29.12952232,29.22110367,0,0,0,SGCD,M
0,0,0,26.29997063,25.46444702,25.4052906,0,0,0,SGCE,M
0,0,0,27.20890236,27.58527374,27.66918755,0,0,0,SGTA,IC
0,0,0,27.77171707,27.68163872,28.45967102,0,0,0,SH3BGRL,IC
0,0,0,29.32377815,29.06784248,29.71479607,0,0,0,SH3BP4,IC
0,0,0,29.98060036,29.39635849,29.8764267,0,0,0,SH3GL1,IC
0,0,0,27.94458389,28.09768105,28.8517437,0,0,0,SH3KBP1,IC
0,0,0,25.61161232,24.68163872,25.32295799,0,0,0,SH3PXD2B,IC
0,0,0,25.68236351,25.67731667,26.11598778,0,0,0,SHC1;SHC2,IC
0,0,0,26.88669586,26.33386421,27.0287571,0,0,0,SIRPA,M
0,0,0,28.45497322,28.80516624,29.2318306,0,0,0,SLC12A2,M
0,0,0,28.52663994,28.45567894,28.07785797,0,0,0,SLC12A4,M
0,0,0,27.11277008,26.03787422,26.65184784,0,0,0,SLC12A7,M
0,0,0,27.16163635,26.01322746,26.49600792,0,0,0,SLC14A1,IC/M
0,0,0,31.69556999,30.79397392,31.93663216,0,0,0,SLC16A3,M
0,0,0,32.04159546,30.46723366,30.9573307,0,0,0,SLC16A6,M
0,0,0,26.91820717,24.09329414,24.57600212,0,0,0,SLC16A7,M
0,0,0,26.62784004,26.38696098,26.06640625,0,0,0,SLC1A3,M
0,0,0,26.25257683,26.18184853,25.64058304,0,0,0,SLC1A4,M
0,0,0,31.70627403,30.38607407,31.13326454,0,0,0,SLC20A1,M
0,0,0,27.22149467,27.74669647,28.32474518,0,0,0,SLC20A2,M
0,0,0,27.28868103,26.35976028,26.58606148,0,0,0,SLC26A2,IC/M
0,0,0,31.57077408,31.19366264,30.60337448,0,0,0,SLC2A3;SLC2A14,M
0,0,0,28.68391609,29.01653671,29.19272232,0,0,0,SLC30A1,M
0,0,0,28.55997849,29.21796417,28.8694725,0,0,0,SLC38A1,IC/M
0,0,0,30.78635979,31.51784515,30.57497406,0,0,0,SLC38A2,M
0,0,0,28.82862663,28.48135376,29.26874352,0,0,0,SLC39A10,M/S
0,0,0,29.02218437,28.36857224,29.117733,0,0,0,SLC39A14,M/S
0,0,0,27.58799362,27.46162415,28.31479836,0,0,0,SLC39A6,M
28.32753181,29.31306839,29.55645561,33.36032104,33.04797745,33.06048203,0,0,24.79138947,SLC3A2,IC/M
0,0,0,26.80378151,27.42694473,27.145401,0,0,0,SLC3A2,IC/M
0,0,0,29.03695297,28.0588398,28.20657539,0,0,0,SLC44A1,M
0,0,0,28.22324562,26.07732773,27.74175453,0,0,0,SLC44A2,IC/M
0,0,0,25.36596298,25.59505463,25.58660507,0,0,0,SLC4A2,IC/M
0,0,0,28.64030838,28.53967476,28.77937698,0,0,0,SLC4A4,IC/M
0,0,0,28.78069305,28.86605644,29.73953438,0,0,0,SLC4A7,M
0,0,0,27.35850334,27.05610275,28.07821274,0,0,0,SLC4A7,M
0,0,0,30.84677505,29.95032501,29.77836037,0,0,0,SLC6A15,IC/M
0,0,0,27.61245537,27.65833092,28.16303062,0,0,0,SLC6A8,IC/M
0,0,0,27.35253906,26.51320648,26.75595474,0,0,0,SLC7A11,M
0,0,0,29.74046898,27.1323204,27.82499123,0,0,0,SLC7A2,M
25.22143936,0,0,31.15659523,31.00751495,30.91413498,0,0,0,SLC7A5,M
0,0,0,26.59519768,26.96697235,26.76331902,0,0,0,SLC7A6,IC/M
0,0,0,30.28769112,30.75994301,30.83145332,0,0,0,SLC9A1,M
0,0,0,27.09194374,27.62268448,27.95160484,0,0,0,SLC9A3R2,IC
0,0,0,27.20890236,26.77968979,27.89075851,0,0,0,SLITRK6,M
0,0,0,28.20106888,28.07780647,28.20946121,0,0,0,SLK,IC
0,0,0,27.03044319,26.1577301,27.04458046,0,0,0,SMAD1,IC
0,0,0,26.86207008,25.96714783,26.39764023,0,0,0,SMAD3,IC
0,0,0,27.56369209,27.08070564,27.58541679,0,0,0,SMS,IC
0,0,0,29.31812096,28.17459869,29.27306557,0,0,0,SMURF2,IC
0,0,0,27.79656029,27.59633636,28.52095795,0,0,0,SNAP29,IC
0,0,0,27.33210564,27.02664948,27.08040047,0,0,0,SNTB1,S
0,0,0,29.70765686,28.92464828,29.15639114,0,0,0,SNTB2,IC/S
0,0,0,26.08646774,26.07285881,26.1950531,0,0,0,SNX1,IC
0,0,0,26.69431686,26.42484856,26.43025017,0,0,0,SNX12,IC
0,0,0,25.80161285,25.46294975,25.95967293,0,0,0,SNX18,IC
0,0,0,25.74098396,25.57755852,25.79439163,0,0,0,SNX2,IC
0,0,0,29.55773354,29.49257088,29.59156418,0,0,0,SNX3,IC
0,0,0,26.73789215,26.56901932,26.65157318,0,0,0,SNX6,IC
0,0,0,24.84105301,25.23790359,24.61245537,0,0,0,SNX8,IC
0,0,0,28.7827549,28.70793533,28.63412285,0,0,0,SNX9,IC
0,0,0,0,0,0,27.60844231,27.76033974,0,SOD2,IC
33.02328491,33.03472519,33.83016968,27.64471436,30.79652786,28.83599281,33.72912979,31.94861984,33.45427322,SPARC,IC/S
0,0,0,25.19539261,25.1511631,25.43179703,0,0,0,SPG20,IC
26.60780716,28.7413044,27.60576057,0,0,0,0,0,0,SPINK6,S
29.91484642,28.89538956,28.64927864,26.6015873,28.79479408,26.98674202,32.46372986,31.74205971,31.30753136,SPON2,IC/S
0,0,0,25.40859795,25.46992111,25.51514816,0,0,0,SPRED1,IC/M
0,0,0,29.8203125,29.54721642,29.90052414,0,0,0,SPRY4,IC/M
0,0,0,29.14969635,29.87029457,29.21969604,0,0,0,SQSTM1,IC
0,0,0,29.17500496,29.23235512,29.02176094,0,0,0,SRI,IC
0,0,0,28.3826561,27.98972321,28.28069496,0,0,0,SRM,IC
0,0,0,26.53226852,26.33077431,26.8604126,27.15643883,26.53213501,26.63339424,SRPX,S
27.42494392,0,0,30.25191689,26.49358177,26.99841118,0,0,0,SSC5D,IC/S
0,0,0,28.46150589,27.96543121,28.59156418,0,0,0,STAM,IC
0,0,0,25.85915756,25.4534359,25.47633171,0,0,0,STAMBP,IC
0,0,0,27.07163048,26.24514008,26.57055473,0,0,0,STAT1,IC
0,0,0,25.83985329,23.71805954,24.21808052,0,0,0,STAT3,IC
31.85195923,29.41866493,29.92860603,31.41150093,30.50019073,30.57470322,34.67776871,33.23933792,33.80260849,STC1,IC/S
0,0,26.90368652,0,28.02009201,26.44188118,30.55187988,30.44035339,31.07437706,STC2,IC/S
0,0,0,29.72926331,29.16813278,29.3265667,0,0,0,STEAP3,M
0,0,0,29.27279854,28.69743538,29.52684402,0,0,0,STK10,IC
0,0,0,29.51046944,28.97530746,29.59129715,0,0,0,STK24,IC
0,27.54958725,27.78967476,33.58631516,32.78816986,33.3042984,0,0,0,STOM,M 
0,0,0,28.19886971,28.27994347,28.34764862,0,0,0,STRAP,IC
0,0,0,26.99668884,26.79228401,27.21761894,0,0,0,STX12,IC/M
0,0,0,27.27834892,26.00242996,26.12161064,0,0,0,STX1B,IC/M
0,0,0,27.76540756,26.91661263,27.31665421,0,0,0,STX2,M
0,0,0,28.06532669,28.71675873,29.0886116,0,0,0,STX3,IC/M
0,0,0,31.89922714,31.51531029,31.74346542,0,0,0,STX4,IC/M
0,0,0,28.88203621,28.74807167,28.95404816,0,0,0,STX7,IC/M
0,0,0,30.97069359,30.27375412,30.64907455,0,0,0,STXBP1,IC
0,0,0,33.01675797,29.57576752,29.68481827,0,0,0,STXBP3,IC
0,0,0,27.20508385,26.87935066,27.06640625,0,0,0,SUGT1,IC
0,0,0,25.54789734,25.68300629,25.86057854,0,0,0,SWAP70,IC
0,0,0,0,0,0,27.03317642,27.3801384,27.03632545,TALDO1,IC
0,0,0,26.74419594,25.53963852,26.10908699,0,0,0,TANC1,IC
0,0,0,29.69658852,29.02891541,29.60190582,0,0,0,TAOK1,IC
0,0,0,29.35869217,29.06134033,29.64562607,0,0,0,TAOK3,IC
0,0,0,26.92637444,26.98032761,27.28224182,0,0,0,TAX1BP3,IC
0,0,0,24.57184219,24.62800789,24.6502037,0,0,0,TBC1D10A,IC
0,0,0,27.10079193,25.26785278,26.5459404,0,0,0,TBC1D10B,IC
0,0,0,26.9644413,26.93595695,26.82723427,0,0,0,TBC1D24,IC
0,0,0,30.08815765,29.97582626,30.37399292,0,0,0,TCEB1,IC
0,0,0,28.42674446,28.24417877,28.25029182,0,0,0,TCEB2,IC
0,0,0,28.12474823,28.09476471,27.79717827,0,0,0,TENM3,IC/M
0,0,0,28.24345398,27.49205399,28.10479546,0,0,0,TENM4,IC/M
27.35253906,28.52719879,29.07329178,27.87923431,26.93730545,26.46824265,0,0,0,TFPI,S
29.25813293,29.79326057,29.06007767,28.56554413,28.94845963,28.35913277,31.13626099,31.46898079,30.65999985,TFPI2,IC/S
0,0,0,29.39958191,29.18655014,29.39774704,25.29796028,27.0506134,0,TFRC,IC/M
33.45034409,33.50616074,33.78292847,32.69623184,33.14669037,33.3249588,33.53217697,33.08207703,33.84314728,TGFBI,IC/S
0,0,0,29.22464943,27.97956467,28.37206459,0,0,0,TGFBR2,M
29.83264732,30.30552101,29.53773308,32.9777565,32.62718964,32.27344894,29.51468849,29.80682564,29.75786209,TGM2,IC
0,0,0,24.96026993,26.53166008,24.81631279,0,0,0,TGOLN2,M
0,0,0,29.07111931,29.57327652,29.42934036,0,0,0,THBD,M
31.35131836,29.57486534,31.58557701,27.83237457,26.81298828,27.64244461,28.40051842,28.03580093,28.96834755,THBS1,S
28.03794861,0,26.87865067,0,0,0,0,0,0,THBS3,IC/S
28.96804428,28.57611084,28.81298828,0,0,0,0,0,0,THBS4,IC/S
0,0,0,24.93669891,24.93750763,24.81225395,0,0,0,THOP1,IC
0,0,0,26.2170639,26.91364861,26.73298645,0,0,0,THSD4,M/S
0,0,0,30.70223236,31.56941605,32.10795975,27.45928001,0,0,THY1,M/S
0,0,0,27.88652039,27.35892296,27.49243546,0,0,0,TIGAR,IC
34.38284302,33.68101883,33.26220703,30.17271805,32.56875992,31.28895569,35.17351532,34.35159302,34.55527878,TIMP1,IC/S
31.71255875,29.10971069,30.48202705,29.89029503,30.45199013,31.53343201,30.22572899,29.4888401,30.53203964,TIMP2,IC/S
0,0,0,27.42654419,26.54623413,26.15753746,0,0,0,TIMP3,S
0,0,0,26.11406136,26.32682037,26.59832573,0,0,0,TIPRL,IC
0,0,0,24.85804176,25.09482574,25.77622986,0,0,0,TLN2,IC
0,0,0,25.24764252,25.57103157,25.41460991,0,0,0,TMBIM1,IC/M
25.78952408,0,26.16096497,30.048172,26.38937569,29.07546234,26.33973694,0,26.39267159,TMEM132A,IC/M
0,0,0,31.69639778,28.29324913,29.11802864,0,0,0,TMEM2,IC/M
0,0,0,26.13012123,25.83740044,26.6069603,0,0,0,TMEM200A,M
0,0,0,24.45688629,24.84809303,24.89384079,0,0,0,TMEM237,M
0,0,0,27.32620239,26.59149361,27.0199852,0,0,0,TMEM30A,IC/M
0,0,0,29.05543137,28.77972221,29.59231377,0,0,0,TMEM51,M
30.51756477,31.5941925,32.03180313,32.41968536,33.07836151,33.57902527,0,0,0,TMSB10,IC
30.86311913,31.21297646,31.56333733,32.97093201,33.67198181,34.16098785,27.73453712,29.64179039,27.85655975,TMSB4X,IC
32.17709351,32.32066345,31.78958893,33.60344315,34.4780426,33.07421875,32.2456131,30.73835945,30.92060852,TNC,IC/S
0,0,0,25.97690201,24.98032761,25.24430656,0,0,0,TNFAIP2,IC
0,0,0,30.14612961,29.37430573,29.48535156,0,0,0,TNFRSF10B,M
0,0,0,27.03936195,25.88932037,26.69272041,0,0,0,TNFRSF10C,IC/M
0,0,0,29.1957531,28.78680992,28.92371368,0,0,0,TNFRSF10D,M
29.09370804,27.69019127,28.0508213,29.12415695,25.51496696,28.22421265,30.20978546,27.13594437,29.97158432,TNFRSF11B,S
26.84708977,0,0,28.90973473,27.36118507,26.63103676,27.49419212,27.04082489,27.61224365,TNFRSF12A,M/S
0,0,0,0,0,0,26.90265274,26.55165672,27.93072319,TNFSF15,IC/S
0,0,0,26.76812363,26.3591404,26.51374817,0,0,0,TNIK,IC/S
0,0,0,28.4910984,27.81720352,29.17500496,0,0,0,TNKS1BP1,IC
0,0,0,27.08749962,26.6079483,26.59306145,0,0,0,TNPO1;TNPO2,IC
0,0,0,27.89891052,28.25065422,28.76331902,0,0,0,TNS1,IC
0,0,0,27.52365112,27.62198639,28.39546013,0,0,0,TOLLIP,IC
0,0,0,28.15030098,28.1722641,29.2501564,0,0,0,TOM1,IC
0,0,0,25.97226334,26.19080353,26.22806358,0,0,0,TOMM34,IC
0,0,0,27.71384621,27.14491653,27.68585396,0,0,0,TP53I3,IC
0,0,0,31.95074272,31.43285751,31.30165672,0,0,0,TPBG,M
26.0384407,0,0,28.57794762,29.14041328,29.4585762,0,0,0,TPD52L2,IC
0,0,0,28.17864227,27.11038208,26.64595222,0,0,0,TPPP3,IC
0,0,0,24.77072144,24.26105118,25.11604691,0,0,0,TRAFD1,IC
0,0,0,27.5212574,27.14374924,27.46925354,0,0,0,TRHDE,IC/M
0,0,0,27.96735764,27.62338257,27.34731102,0,0,0,TRIM25,IC
0,0,0,27.10539627,25.92745972,26.73557091,0,0,0,TRIO,IC/S
0,0,0,27.72481346,27.18952179,27.89475441,0,0,0,TRIOBP,IC
0,0,0,28.17526627,27.22462654,27.3554821,0,0,0,TRIP10,IC
0,0,0,25.36823082,24.70614433,24.8089695,0,0,0,TRMT112,IC
0,0,0,31.28129196,29.52742195,30.20384789,0,0,0,TRPA1,M
0,0,0,27.0940609,25.90062714,25.85233879,0,0,0,TRPV2,IC/M
0,0,0,28.91073608,28.4375782,29.03629875,0,0,0,TSG101,IC
0,28.89942932,29.0164566,29.56438255,29.08931923,29.75951385,0,0,0,TSPAN14,M
0,0,0,26.02392387,25.71594238,26.45795059,0,0,0,TSPAN4,M
0,0,0,28.31898308,28.1495266,27.73389053,0,0,0,TSPAN5,M
0,0,0,28.34028053,27.11137772,27.22131157,0,0,0,TSPAN6,IC/M
0,0,0,28.90408897,27.96455193,29.0500679,0,0,0,TSPAN9,M
0,0,0,26.02390289,25.76377487,26.71345329,0,0,0,TSTA3,IC
0,0,0,26.27932358,25.04055214,25.58525848,0,0,0,TTC9C,IC
0,0,0,30.61876869,28.85881233,30.15641403,0,0,0,TTYH3,M
27.99480247,28.26140976,27.69849586,30.39089775,30.46051025,30.33404732,27.89573669,28.2430439,27.77184296,TUBB3,IC
0,0,0,29.2960968,27.29998779,27.71862221,28.31674004,27.94396973,28.18598366,TWF2,IC
0,0,0,0,0,0,28.32182312,27.24435997,28.41751862,TWSG1,S
28.16724777,28.42997932,29.38812828,30.30747604,30.45728493,31.00878525,0,0,0,TXNDC17,IC
0,0,0,27.10749245,28.37935448,27.44316292,0,0,0,TXNDC5,IC/S
0,0,0,28.69693756,28.09169197,28.70553207,0,0,0,TXNL1,IC
0,0,0,29.77635193,29.44448662,29.1487751,28.69401741,29.53112793,29.11698914,TXNRD1,IC
0,0,0,26.96554184,26.45713615,26.45287132,0,0,0,UBA6,IC
0,0,0,25.85474205,25.16890335,25.75577545,0,0,0,UBASH3B,IC
0,0,0,27.81970215,26.71567917,27.01083946,0,0,0,UBE2D3;UBE2D2,IC
0,0,0,25.5398159,25.59112167,25.49558067,0,0,0,UBE2Z,IC
0,0,0,25.8759346,25.94659233,25.63050842,0,0,0,UBFD1,IC
0,0,0,29.50263786,29.56299973,30.12890816,0,0,0,UBTD1,IC
0,0,0,27.44900131,27.05372429,27.04395676,0,0,0,UCHL3,IC
0,0,0,27.63464165,28.26463509,28.1818676,0,0,0,UFM1,IC
0,0,0,30.01942825,28.64337349,27.76515388,26.80094719,26.65594673,0,UGDH,IC
25.58408356,0,0,28.67774773,28.10189438,27.80777931,27.81549454,27.6274929,26.43885612,UGP2,IC
0,0,0,26.91581535,26.4849453,26.59434319,0,0,0,ULBP1,M
0,0,0,25.93975067,25.67357445,26.53055954,0,0,0,ULBP3,S
0,0,0,26.42455864,26.34385872,26.48076057,0,0,0,USO1,IC
0,0,0,28.09607315,27.95665359,28.01515388,0,0,0,UTRN,IC
0,0,0,28.45462036,28.02511787,28.4154644,0,0,0,VAMP3,M
0,0,0,26.52910042,25.42476845,25.64553833,0,0,0,VANGL1,M
0,0,0,0,0,0,28.45037842,28.04166031,29.15973854,VASN,M
0,0,0,30.96863556,30.37212563,31.1413269,0,0,0,VASP,IC
0,0,0,27.99921799,26.75506401,27.38640213,0,0,0,VAT1L,IC
0,0,0,27.99948692,26.81860542,27.32765961,0,0,0,VBP1,IC
29.57629013,0,26.83821869,34.95050812,29.90210533,31.98732567,25.07667542,0,0,VCAN,IC/S
0,0,0,0,0,0,28.65993118,27.25979424,28.53760338,VEGFA,IC/S
25.64606094,0,0,26.50407982,23.91058731,25.52297783,0,0,0,VEGFA,IC/S
0,0,0,0,0,0,29.5281868,29.66045761,29.32943535,VNN1,S
0,0,0,0,0,0,0,0,0,VNN2,IC/M/S
0,0,0,26.35558319,25.97145271,26.30719948,0,0,0,VPS26A,IC
0,0,0,29.10274506,28.22949409,28.70424652,0,0,0,VPS28,IC
0,0,0,27.09123802,26.47268105,26.88331985,0,0,0,VPS29,IC
0,0,0,28.57953072,26.76749229,26.94514275,27.52991867,27.85816193,27.46216965,VPS35,IC
0,0,0,27.75429916,27.55661964,28.0328083,0,0,0,VPS37B,IC/M
0,0,0,24.97289848,24.86834717,24.53243256,0,0,0,VPS45,IC
0,0,0,28.31462479,28.1979332,27.9498806,0,0,0,VPS4A,IC
0,0,0,28.71502495,28.58498764,28.85638046,0,0,0,VPS4B,IC
0,0,0,27.77555275,26.48139191,27.03527641,0,0,0,VTA1,IC
0,0,0,28.81213188,27.35430527,28.42886162,0,0,0,VWA5A,IC
0,0,0,29.6319561,27.9842453,28.22797966,0,0,0,WASF2,IC
0,0,0,27.8922081,27.36185455,27.47080421,0,0,0,WDR48,IC
0,0,0,28.12701416,28.01110649,27.14131355,0,0,0,WLS,IC/M
29.53055191,27.37492752,29.72220993,32.08799744,30.3486824,32.25434113,30.66966057,28.46863174,30.15351868,WNT5A,S
0,0,0,0,0,0,26.02934837,24.6799221,26.43079185,WNT5B,S
0,0,0,27.51818275,25.91927528,27.09948921,0,0,0,XPNPEP1,IC
0,0,0,29.13643265,28.2840538,28.92846489,0,0,0,YKT6,IC
0,0,0,27.49906921,25.76577377,27.00913239,0,0,0,ZDHHC20,M
0,0,0,30.75740242,30.80224228,31.40192223,0,0,0,ZDHHC5,IC/M
25.7091198,0,0,31.27464294,30.02841568,31.04544067,27.19535446,26.86785316,26.32318115,ARPC1B,IC